name,qty_node,qty_base,qty_shared,qty_mvp,qty_4nodes,unit_rub,total_mvp_rub,total_4nodes_rub,price_status,ozon,wildberries,check
ESP32-CAM AI Thinker + OV2640,1,0,0,1,4,1034,1034,4136,Ozon search tile 2026-10-07; may require Ozon Card,https://www.ozon.ru/product/modul-esp32-cam-s-kameroy-1727032723/,https://www.wildberries.ru/catalog/0/search.aspx?search=ESP32-CAM%20AI%20Thinker%20%2B%20OV2640,"Проверить AI Thinker, PSRAM, распиновку; штатная камера не подтверждена как NoIR"
ESP32 DevKit 30 pin,1,1,0,2,5,526,1052,2630,Ozon search tile 2026-10-07; may require Ozon Card,https://www.ozon.ru/product/esp32-devkit-otladochnaya-plata-esp32-ch340-type-c-sovmestima-s-arduino-ide-2056333551/,https://www.wildberries.ru/catalog/0/search.aspx?search=ESP32%20DevKit%2030%20pin,Проверить доступность GPIO16/17/18/19/21/22/23/25/26/32/33
RFM95W 868 МГц SPI,1,1,0,2,5,819,1638,4095,Ozon search tile 2026-10-07; may require Ozon Card,https://www.ozon.ru/product/modul-besprovodnogo-transivera-rfm95w-868mhz-lora-modul-na-sx1276-2797194641/,https://www.wildberries.ru/catalog/0/search.aspx?search=RFM95W%20868%20%D0%9C%D0%93%D1%86%20SPI,"Только 868, питание 3.3В; модуль требует пайки и антенного вывода"
Антенна 868 SMA 1.5 dBi,1,1,0,2,5,513,1026,2565,Ozon search tile 2026-10-07; may require Ozon Card,https://www.ozon.ru/product/antenna-antennahome-h50-rubber-sma-j-868-915-mgts-900-1800-mgts-ah1g-102-1-5-dbi-1818219492/,https://www.wildberries.ru/catalog/0/search.aspx?search=%D0%90%D0%BD%D1%82%D0%B5%D0%BD%D0%BD%D0%B0%20868%20SMA%201.5%20dBi,"Тип SMA, не RP-SMA; кабель/разъём отдельно"
Пигтейл SMA bulkhead 50 Ом под пайку,1,1,0,2,5,250,500,1250,budget estimate; not live price,https://www.ozon.ru/search/?text=%D0%9F%D0%B8%D0%B3%D1%82%D0%B5%D0%B9%D0%BB%20SMA%20bulkhead%2050%20%D0%9E%D0%BC%20%D0%BF%D0%BE%D0%B4%20%D0%BF%D0%B0%D0%B9%D0%BA%D1%83,https://www.wildberries.ru/catalog/0/search.aspx?search=%D0%9F%D0%B8%D0%B3%D1%82%D0%B5%D0%B9%D0%BB%20SMA%20bulkhead%2050%20%D0%9E%D0%BC%20%D0%BF%D0%BE%D0%B4%20%D0%BF%D0%B0%D0%B9%D0%BA%D1%83,Герметизировать проход; минимальная длина; совместимость SMA
AM312 PIR,1,0,0,1,4,165,165,660,Ozon search tile 2026-10-07; may require Ozon Card,https://www.ozon.ru/product/arduino-mini-pir-datchik-dvizheniya-am312-ir-sensor-3270057786/,https://www.wildberries.ru/catalog/0/search.aspx?search=AM312%20PIR,"OUT <=3.3В, запитать от 3.3В; проверить ложные срабатывания"
DS3231 RTC,1,0,0,1,4,258,258,1032,Ozon search tile 2026-10-07; may require Ozon Card,https://www.ozon.ru/product/ds3231-rtc-modul-chasov-realnogo-vremeni-i2c-1401711129/,https://www.wildberries.ru/catalog/0/search.aspx?search=DS3231%20RTC,Без зарядки CR2032; I2C подтяжки только к 3.3В
CR2032 для RTC,1,0,0,1,4,100,100,400,budget estimate; not live price,https://www.ozon.ru/search/?text=CR2032%20%D0%B4%D0%BB%D1%8F%20RTC,https://www.wildberries.ru/catalog/0/search.aspx?search=CR2032%20%D0%B4%D0%BB%D1%8F%20RTC,Не ставить в модуль с активной зарядкой
Камера/объектив NoIR совместимые с ESP32-CAM,1,0,0,1,4,700,700,2800,budget estimate; not live price,https://www.ozon.ru/search/?text=%D0%9A%D0%B0%D0%BC%D0%B5%D1%80%D0%B0/%D0%BE%D0%B1%D1%8A%D0%B5%D0%BA%D1%82%D0%B8%D0%B2%20NoIR%20%D1%81%D0%BE%D0%B2%D0%BC%D0%B5%D1%81%D1%82%D0%B8%D0%BC%D1%8B%D0%B5%20%D1%81%20ESP32-CAM,https://www.wildberries.ru/catalog/0/search.aspx?search=%D0%9A%D0%B0%D0%BC%D0%B5%D1%80%D0%B0/%D0%BE%D0%B1%D1%8A%D0%B5%D0%BA%D1%82%D0%B8%D0%B2%20NoIR%20%D1%81%D0%BE%D0%B2%D0%BC%D0%B5%D1%81%D1%82%D0%B8%D0%BC%D1%8B%D0%B5%20%D1%81%20ESP32-CAM,Не найден подтверждённый совместимый товар; выяснить до закупки
ИК LED 850нм 1Вт,3,0,0,3,12,256,768,3072,Ozon search tile 2026-10-07; may require Ozon Card,https://www.ozon.ru/product/svetodiod-infrakrasnyy-ik-1vt-850nm-dlya-kamer-videonablyudeniya-3330994215/,https://www.wildberries.ru/catalog/0/search.aspx?search=%D0%98%D0%9A%20LED%20850%D0%BD%D0%BC%201%D0%92%D1%82,"Рабочий ток в MVP 150-200мА, паспорт Vf и радиатор обязательны"
"Резистор 18 Ом 2Вт, комплект 3шт",1,0,0,1,4,150,150,600,budget estimate; not live price,https://www.ozon.ru/search/?text=%D0%A0%D0%B5%D0%B7%D0%B8%D1%81%D1%82%D0%BE%D1%80%2018%20%D0%9E%D0%BC%202%D0%92%D1%82%2C%20%D0%BA%D0%BE%D0%BC%D0%BF%D0%BB%D0%B5%D0%BA%D1%82%203%D1%88%D1%82,https://www.wildberries.ru/catalog/0/search.aspx?search=%D0%A0%D0%B5%D0%B7%D0%B8%D1%81%D1%82%D0%BE%D1%80%2018%20%D0%9E%D0%BC%202%D0%92%D1%82%2C%20%D0%BA%D0%BE%D0%BC%D0%BF%D0%BB%D0%B5%D0%BA%D1%82%203%D1%88%D1%82,По одному на каждую ветвь LED; уточнить ток измерением
"Радиатор для LED, комплект 3шт",1,0,0,1,4,200,200,800,budget estimate; not live price,https://www.ozon.ru/search/?text=%D0%A0%D0%B0%D0%B4%D0%B8%D0%B0%D1%82%D0%BE%D1%80%20%D0%B4%D0%BB%D1%8F%20LED%2C%20%D0%BA%D0%BE%D0%BC%D0%BF%D0%BB%D0%B5%D0%BA%D1%82%203%D1%88%D1%82,https://www.wildberries.ru/catalog/0/search.aspx?search=%D0%A0%D0%B0%D0%B4%D0%B8%D0%B0%D1%82%D0%BE%D1%80%20%D0%B4%D0%BB%D1%8F%20LED%2C%20%D0%BA%D0%BE%D0%BC%D0%BF%D0%BB%D0%B5%D0%BA%D1%82%203%D1%88%D1%82,"Контакт через термоинтерфейс, не закрывать вплотную пластиком"
AO3400 N-MOSFET комплект,1,0,0,1,4,113,113,452,Ozon search tile 2026-10-07; may require Ozon Card,https://www.ozon.ru/product/ao3400-tranzistor-polevoy-mosfet-n-kanalnyy-10sht-sot-23-5-8a-30v-4651074746/,https://www.wildberries.ru/catalog/0/search.aspx?search=AO3400%20N-MOSFET%20%D0%BA%D0%BE%D0%BC%D0%BF%D0%BB%D0%B5%D0%BA%D1%82,"SOT23 нужен переходник; управление 3.3В, распиновка по паспорту"
AO3401 P-MOSFET комплект,1,0,0,1,4,128,128,512,Ozon search tile 2026-10-07; may require Ozon Card,https://www.ozon.ru/product/ao3401-10sht-a19t-polevoy-tranzistor-p-kanalnyy-30v-4a-0-04-om-korpus-sot-23-markirovka-a19t-2716415055/,https://www.wildberries.ru/catalog/0/search.aspx?search=AO3401%20P-MOSFET%20%D0%BA%D0%BE%D0%BC%D0%BF%D0%BB%D0%B5%D0%BA%D1%82,SOT23 переходник; high-side 5В камера
2N3904,1,0,0,1,4,80,80,320,Ozon search tile 2026-10-07; may require Ozon Card,https://www.ozon.ru/product/tranzistor-2n3904-n-p-n-korpus-to-92-3334701557/,https://www.wildberries.ru/catalog/0/search.aspx?search=2N3904,Номиналы базы/затвора в wiring.md
"Переходники SOT23, комплект",1,0,0,1,4,120,120,480,budget estimate; not live price,https://www.ozon.ru/search/?text=%D0%9F%D0%B5%D1%80%D0%B5%D1%85%D0%BE%D0%B4%D0%BD%D0%B8%D0%BA%D0%B8%20SOT23%2C%20%D0%BA%D0%BE%D0%BC%D0%BF%D0%BB%D0%B5%D0%BA%D1%82,https://www.wildberries.ru/catalog/0/search.aspx?search=%D0%9F%D0%B5%D1%80%D0%B5%D1%85%D0%BE%D0%B4%D0%BD%D0%B8%D0%BA%D0%B8%20SOT23%2C%20%D0%BA%D0%BE%D0%BC%D0%BF%D0%BB%D0%B5%D0%BA%D1%82,Два переходника минимум
Резисторы набор,0,0,1,1,1,247,247,247,Ozon search tile 2026-10-07; may require Ozon Card,https://www.ozon.ru/product/komplekt-rezistorov-0-25vt-1-30-nominalov-20-sht-vsego-600-sht-4839946078/,https://www.wildberries.ru/catalog/0/search.aspx?search=%D0%A0%D0%B5%D0%B7%D0%B8%D1%81%D1%82%D0%BE%D1%80%D1%8B%20%D0%BD%D0%B0%D0%B1%D0%BE%D1%80,"1кОм, 100кОм, 100Ом; мощные 18Ом отдельно"
18650 с защитой 3400мАч,1,0,0,1,4,358,358,1432,Ozon search tile 2026-10-07; may require Ozon Card,https://www.ozon.ru/product/akkumulyator-18650-s-zashchitoy-ncr18650b-3400-mach-3-7-v-s-vypuklym-plyusom-dlya-panasonic-1-sht-630286903/,https://www.wildberries.ru/catalog/0/search.aspx?search=18650%20%D1%81%20%D0%B7%D0%B0%D1%89%D0%B8%D1%82%D0%BE%D0%B9%203400%D0%BC%D0%90%D1%87,Ёмкость/ток проверить; указанная цена не доказывает оригинальность
Держатель 1x18650,1,0,0,1,4,196,196,784,Ozon search tile 2026-10-07; may require Ozon Card,https://www.ozon.ru/product/batareynyy-otsek-dlya-li-ion-1x18650-3010498976/,https://www.wildberries.ru/catalog/0/search.aspx?search=%D0%94%D0%B5%D1%80%D0%B6%D0%B0%D1%82%D0%B5%D0%BB%D1%8C%201x18650,Длина под защищённую ячейку часто 69-70мм
Повышающий DC/DC 5В,1,0,0,1,4,226,226,904,Ozon search tile 2026-10-07; may require Ozon Card,https://www.ozon.ru/product/povyshayushchiy-preobrazovatel-napryazheniya-uvh-2-24v-uvyh-5-35v-max-2a-dc-dc-reguliruemyy-mt3608-1148481024/,https://www.wildberries.ru/catalog/0/search.aspx?search=%D0%9F%D0%BE%D0%B2%D1%8B%D1%88%D0%B0%D1%8E%D1%89%D0%B8%D0%B9%20DC/DC%205%D0%92,Реальные 5В 1.5А на входе 3.2В; карточка ещё не подтверждает этот режим
TP4056 с защитой,1,0,0,1,4,71,71,284,Ozon search tile 2026-10-07; may require Ozon Card,https://www.ozon.ru/product/plata-zaryadki-tp4056-usb-type-c-s-zashchitoy-modul-zaryadnogo-ustroystva-li-ion-621665762/,https://www.wildberries.ru/catalog/0/search.aspx?search=TP4056%20%D1%81%20%D0%B7%D0%B0%D1%89%D0%B8%D1%82%D0%BE%D0%B9,Только USB зарядка отключённой нагрузки; ток заряда по паспорту батареи
"Предохранитель 2А 5x20, комплект",0,0,1,1,1,213,213,213,Ozon search tile 2026-10-07; may require Ozon Card,https://www.ozon.ru/product/10sht-5h20mm-predohranitel-steklo-2a-250v-vstavka-plavkaya-3255734479/,https://www.wildberries.ru/catalog/0/search.aspx?search=%D0%9F%D1%80%D0%B5%D0%B4%D0%BE%D1%85%D1%80%D0%B0%D0%BD%D0%B8%D1%82%D0%B5%D0%BB%D1%8C%202%D0%90%205x20%2C%20%D0%BA%D0%BE%D0%BC%D0%BF%D0%BB%D0%B5%D0%BA%D1%82,"В цепи батареи, держатель отдельно; проверить пусковой ток"
Держатель предохранителя,1,0,0,1,4,100,100,400,budget estimate; not live price,https://www.ozon.ru/search/?text=%D0%94%D0%B5%D1%80%D0%B6%D0%B0%D1%82%D0%B5%D0%BB%D1%8C%20%D0%BF%D1%80%D0%B5%D0%B4%D0%BE%D1%85%D1%80%D0%B0%D0%BD%D0%B8%D1%82%D0%B5%D0%BB%D1%8F,https://www.wildberries.ru/catalog/0/search.aspx?search=%D0%94%D0%B5%D1%80%D0%B6%D0%B0%D1%82%D0%B5%D0%BB%D1%8C%20%D0%BF%D1%80%D0%B5%D0%B4%D0%BE%D1%85%D1%80%D0%B0%D0%BD%D0%B8%D1%82%D0%B5%D0%BB%D1%8F,Изолированный с проводами
Выключатель питания,1,0,0,1,4,100,100,400,budget estimate; not live price,https://www.ozon.ru/search/?text=%D0%92%D1%8B%D0%BA%D0%BB%D1%8E%D1%87%D0%B0%D1%82%D0%B5%D0%BB%D1%8C%20%D0%BF%D0%B8%D1%82%D0%B0%D0%BD%D0%B8%D1%8F,https://www.wildberries.ru/catalog/0/search.aspx?search=%D0%92%D1%8B%D0%BA%D0%BB%D1%8E%D1%87%D0%B0%D1%82%D0%B5%D0%BB%D1%8C%20%D0%BF%D0%B8%D1%82%D0%B0%D0%BD%D0%B8%D1%8F,На ток от батареи >=2А
Коробка 150x110x70,1,0,0,1,4,215,215,860,Ozon search tile 2026-10-07; may require Ozon Card,https://www.ozon.ru/product/korobka-raspredelitelnaya-dlya-provodov-150h110h70mm-11-vvodov-ip67-chernaya-1sht-3260072910/,https://www.wildberries.ru/catalog/0/search.aspx?search=%D0%9A%D0%BE%D1%80%D0%BE%D0%B1%D0%BA%D0%B0%20150x110x70,IP исходного корпуса не сохраняется автоматически после сверления
"Гермоввод PG7, комплект",0,0,1,1,1,95,95,95,Ozon search tile 2026-10-07; may require Ozon Card,https://www.ozon.ru/product/kabelnyy-vvod-pg7-germovvod-salnik-dlya-kabelya-ip68-3-6-5-mm-5-sht-1848678618/,https://www.wildberries.ru/catalog/0/search.aspx?search=%D0%93%D0%B5%D1%80%D0%BC%D0%BE%D0%B2%D0%B2%D0%BE%D0%B4%20PG7%2C%20%D0%BA%D0%BE%D0%BC%D0%BF%D0%BB%D0%B5%D0%BA%D1%82,Достаточно на MVP; вводы требуются по фактическим кабелям
Конденсаторы 470мкФ 16В комплект,0,0,1,1,1,93,93,93,Ozon search tile 2026-10-07; may require Ozon Card,https://www.ozon.ru/product/470mkf-16v-kondensator-elektroliticheskiy-aishi-seriya-rs-470uf-16v-40-105-8x12mm-5-sht-3298289075/,https://www.wildberries.ru/catalog/0/search.aspx?search=%D0%9A%D0%BE%D0%BD%D0%B4%D0%B5%D0%BD%D1%81%D0%B0%D1%82%D0%BE%D1%80%D1%8B%20470%D0%BC%D0%BA%D0%A4%2016%D0%92%20%D0%BA%D0%BE%D0%BC%D0%BF%D0%BB%D0%B5%D0%BA%D1%82,Минимум 2 у камеры/питания; плюс 100нФ и 10мкФ у RF
Макетная плата пайка,1,1,0,2,5,161,322,805,Ozon search tile 2026-10-07; may require Ozon Card,https://www.ozon.ru/product/pechatnaya-maketnaya-plata-5-x-7-sm-dvuhstoronnyaya-dlya-payki-pcb1-zelenyy-3747803704/,https://www.wildberries.ru/catalog/0/search.aspx?search=%D0%9C%D0%B0%D0%BA%D0%B5%D1%82%D0%BD%D0%B0%D1%8F%20%D0%BF%D0%BB%D0%B0%D1%82%D0%B0%20%D0%BF%D0%B0%D0%B9%D0%BA%D0%B0,Радиомодуль паять короткими проводами
USB TTL CH340 3.3V,0,0,1,1,1,123,123,123,Ozon search tile 2026-10-07; may require Ozon Card,https://www.ozon.ru/product/preobrazovatel-usb-serial-usb-ttl-uart-mikrokontroller-adapter-ch340g-3-3v-5v-630272153/,https://www.wildberries.ru/catalog/0/search.aspx?search=USB%20TTL%20CH340%203.3V,Проверить реальный TX 3.3В; камеру питать отдельными 5В
БП базы 5В 2А + USB кабель,0,1,0,1,1,400,400,400,budget estimate; not live price,https://www.ozon.ru/search/?text=%D0%91%D0%9F%20%D0%B1%D0%B0%D0%B7%D1%8B%205%D0%92%202%D0%90%20%2B%20USB%20%D0%BA%D0%B0%D0%B1%D0%B5%D0%BB%D1%8C,https://www.wildberries.ru/catalog/0/search.aspx?search=%D0%91%D0%9F%20%D0%B1%D0%B0%D0%B7%D1%8B%205%D0%92%202%D0%90%20%2B%20USB%20%D0%BA%D0%B0%D0%B1%D0%B5%D0%BB%D1%8C,"Ноутбук/ПК с интернетом у заказчика, цена ПК не включена"
"Провода, разъёмы, термоусадка, 100нФ, винты, силикагель",1,0,0,1,4,650,650,2600,budget estimate; not live price,https://www.ozon.ru/search/?text=%D0%9F%D1%80%D0%BE%D0%B2%D0%BE%D0%B4%D0%B0%2C%20%D1%80%D0%B0%D0%B7%D1%8A%D1%91%D0%BC%D1%8B%2C%20%D1%82%D0%B5%D1%80%D0%BC%D0%BE%D1%83%D1%81%D0%B0%D0%B4%D0%BA%D0%B0%2C%20100%D0%BD%D0%A4%2C%20%D0%B2%D0%B8%D0%BD%D1%82%D1%8B%2C%20%D1%81%D0%B8%D0%BB%D0%B8%D0%BA%D0%B0%D0%B3%D0%B5%D0%BB%D1%8C,https://www.wildberries.ru/catalog/0/search.aspx?search=%D0%9F%D1%80%D0%BE%D0%B2%D0%BE%D0%B4%D0%B0%2C%20%D1%80%D0%B0%D0%B7%D1%8A%D1%91%D0%BC%D1%8B%2C%20%D1%82%D0%B5%D1%80%D0%BC%D0%BE%D1%83%D1%81%D0%B0%D0%B4%D0%BA%D0%B0%2C%20100%D0%BD%D0%A4%2C%20%D0%B2%D0%B8%D0%BD%D1%82%D1%8B%2C%20%D1%81%D0%B8%D0%BB%D0%B8%D0%BA%D0%B0%D0%B3%D0%B5%D0%BB%D1%8C,Набор на узел; RF кабель отдельно
"Стекло окна камеры, прокладки и нейтральный герметик",1,0,0,1,4,350,350,1400,budget estimate; not live price,https://www.ozon.ru/search/?text=%D0%A1%D1%82%D0%B5%D0%BA%D0%BB%D0%BE%20%D0%BE%D0%BA%D0%BD%D0%B0%20%D0%BA%D0%B0%D0%BC%D0%B5%D1%80%D1%8B%2C%20%D0%BF%D1%80%D0%BE%D0%BA%D0%BB%D0%B0%D0%B4%D0%BA%D0%B8%20%D0%B8%20%D0%BD%D0%B5%D0%B9%D1%82%D1%80%D0%B0%D0%BB%D1%8C%D0%BD%D1%8B%D0%B9%20%D0%B3%D0%B5%D1%80%D0%BC%D0%B5%D1%82%D0%B8%D0%BA,https://www.wildberries.ru/catalog/0/search.aspx?search=%D0%A1%D1%82%D0%B5%D0%BA%D0%BB%D0%BE%20%D0%BE%D0%BA%D0%BD%D0%B0%20%D0%BA%D0%B0%D0%BC%D0%B5%D1%80%D1%8B%2C%20%D0%BF%D1%80%D0%BE%D0%BA%D0%BB%D0%B0%D0%B4%D0%BA%D0%B8%20%D0%B8%20%D0%BD%D0%B5%D0%B9%D1%82%D1%80%D0%B0%D0%BB%D1%8C%D0%BD%D1%8B%D0%B9%20%D0%B3%D0%B5%D1%80%D0%BC%D0%B5%D1%82%D0%B8%D0%BA,Для PIR отдельная ИК-прозрачная линза; обычное стекло перед PIR нельзя
3D-печать монтажной пластины и оптической перегородки,1,0,0,1,4,800,800,3200,budget estimate; not live price,https://www.ozon.ru/search/?text=3D-%D0%BF%D0%B5%D1%87%D0%B0%D1%82%D1%8C%20%D0%BC%D0%BE%D0%BD%D1%82%D0%B0%D0%B6%D0%BD%D0%BE%D0%B9%20%D0%BF%D0%BB%D0%B0%D1%81%D1%82%D0%B8%D0%BD%D1%8B%20%D0%B8%20%D0%BE%D0%BF%D1%82%D0%B8%D1%87%D0%B5%D1%81%D0%BA%D0%BE%D0%B9%20%D0%BF%D0%B5%D1%80%D0%B5%D0%B3%D0%BE%D1%80%D0%BE%D0%B4%D0%BA%D0%B8,https://www.wildberries.ru/catalog/0/search.aspx?search=3D-%D0%BF%D0%B5%D1%87%D0%B0%D1%82%D1%8C%20%D0%BC%D0%BE%D0%BD%D1%82%D0%B0%D0%B6%D0%BD%D0%BE%D0%B9%20%D0%BF%D0%BB%D0%B0%D1%81%D1%82%D0%B8%D0%BD%D1%8B%20%D0%B8%20%D0%BE%D0%BF%D1%82%D0%B8%D1%87%D0%B5%D1%81%D0%BA%D0%BE%D0%B9%20%D0%BF%D0%B5%D1%80%D0%B5%D0%B3%D0%BE%D1%80%D0%BE%D0%B4%D0%BA%D0%B8,"Оценка подрядчика, не проверенная цена"
