model_key,display,market,article,price,url,top10,path,why,experiment,checked
BG590-4K,BolyGuard BG590-4K,Ozon,1699287863,14316,https://www.ozon.ru/product/1699287863/,True,USB/SD после проверки,"Более документированная камера: у изготовителя есть руководство, SD и внешнее питание.",Проверить режим USB и время получения файла; большой JPEG обязательно уменьшать.,2026-10-07
SG520-PLUS,BolyGuard SG520-plus,Ozon,4045703392,10974,https://www.ozon.ru/product/4045703392/,True,USB/SD после проверки,Карточка описывает microSD до 256 ГБ и сменные 18650. Можно сравнить качество с бюджетной камерой.,Подтвердить USB и файловую систему; 256 ГБ не считать FAT32 без проверки. Корпус тесный — блок снаружи.,2026-10-07
DL11T2,DL11T2,Ozon,4681638362,4072,https://www.ozon.ru/product/4681638362/,True,USB/SD после проверки,"Недорогая альтернатива семейства DL11T2, позволяющая не привязываться к одной марке.","По этой карточке данных мало: получить инструкцию, фото разъёмов, тип карты и USB-протокол до заказа.",2026-10-07
HC900A,HC-900A · Wildberries,Wildberries,240527296,,https://www.wildberries.ru/catalog/240527296/detail.aspx,True,USB/SD после проверки,Отдельная базовая модель из WB; годится для сравнения с серией 801A без покупки LTE.,"Подтвердить точного изготовителя и ревизию, внешний вход, SD-интерфейс и поведение при переподключении.",2026-10-07
MINI700W,MINI700W,Ozon,5313119445,3223,https://www.ozon.ru/product/5313119445/,True,Локальный Wi-Fi,В описании явно заявлены скачивание файлов через SuntekCam и microSD; перспективна доработка без вскрытия.,"Проверить локальный API, включение Wi-Fi без ручной кнопки, авторизацию и ток. Приложение не означает открытый API.",2026-10-07
HC550A,Suntek HC-550A,Ozon,3627554436,7087,https://www.ozon.ru/product/3627554436/,True,USB/SD после проверки,"Автономная серия A, заводская ночная съёмка, есть официальный каталог модели.","Проверить тип карты, режим USB и завершение записи до передачи владения картой.",2026-10-07
HC801A,Suntek HC-801A,Ozon,5825109948,7297,https://www.ozon.ru/product/5825109948/,True,USB → резерв SD,Базовая серия; карточка описывает 8 AA и внешний вход DC 6 В. Удобно проверять питание на столе.,Проверить USB и возможность остановить/возобновить съёмку без ручного переключателя; не подать 6 В в GPIO.,2026-10-07
HT001,Suntek HT-001,Ozon,3589519007,3765,https://www.ozon.ru/product/3589519007/,True,USB → резерв SD,"Недорогая базовая камера, microSD до 32 ГБ подтверждается официальным каталогом.","На ПК определить USB MSC/PTP, режим доступа и автоматический возврат в ON.",2026-10-07
MINI301,Suntek Mini301,Ozon,3545429580,5788,https://www.ozon.ru/product/3545429580/,True,USB/SD после проверки,Компактный базовый вариант без необходимости дорогого сотового модуля.,Запросить фото слота/USB и инструкцию: по этой карточке интерфейс получения файла не подтверждён.,2026-10-07
WIFI-900-PRO,Филин WiFi-900-PRO,Ozon,277916678,11785,https://www.ozon.ru/product/277916678/,True,Локальный Wi-Fi,Описание говорит о собственной точке доступа и скачивании записей с microSD.,Доказать автоматическое пробуждение Wi-Fi и выгрузку без телефона; заявленные параметры в карточке местами противоречат друг другу.,2026-10-07
HC900,4G-4K фотоловушка для охраны Filin HC-900 (Ultra) (Оригинал),Wildberries,187001246,,https://www.wildberries.ru/catalog/187001246/detail.aspx,False,USB/SD: интерфейс не подтверждён,"Карточка описывает сотовые возможности. В лесу без сети они не решают задачу; добавлять LoRa придётся отдельно, с проверкой отключения модема и доступа к оригиналу.",Получить инструкцию и проверить доступ к завершённому JPEG; наличия карты памяти недостаточно.,2026-10-07
HC801MAXLI,"4K-фотоловушка с 4G-модулем, углом обзора 120 и поддержкой мобильного приложения Suntek HC-801 MAX Li",Ozon,4998920987,14100,https://www.ozon.ru/product/4998920987/,False,USB/SD: интерфейс не подтверждён,"Карточка описывает сотовые возможности. В лесу без сети они не решают задачу; добавлять LoRa придётся отдельно, с проверкой отключения модема и доступа к оригиналу.",Получить инструкцию и проверить доступ к завершённому JPEG; наличия карты памяти недостаточно.,2026-10-07
HC550G-4G-APP,Уличная 4G/LTE фотоловушка с датчиком движения (с голограммой) разрешение 2К (2048 x 1080) - HC-550G-4G-APP,Ozon,384704826,13074,https://www.ozon.ru/product/384704826/,False,USB/SD: интерфейс не подтверждён,"Карточка описывает сотовые возможности. В лесу без сети они не решают задачу; добавлять LoRa придётся отдельно, с проверкой отключения модема и доступа к оригиналу.",Получить инструкцию и проверить доступ к завершённому JPEG; наличия карты памяти недостаточно.,2026-10-07
HC400-AH-LI,"Уличная фотоловушка 2МП Филин HC 400-AH-li (RU) (Q22169HUN) с записью на SD карту для охоты и охраны дачи. Работа от аккумуляторов, Full HD видео.",Ozon,1904464529,5922,https://www.ozon.ru/product/1904464529/,False,USB/SD: интерфейс не подтверждён,"Карточка описывает сотовые возможности. В лесу без сети они не решают задачу; добавлять LoRa придётся отдельно, с проверкой отключения модема и доступа к оригиналу.",Получить инструкцию и проверить доступ к завершённому JPEG; наличия карты памяти недостаточно.,2026-10-07
HC550M-2G,Уличная фотоловушка Филин HC-550M-2G (P36471OF) с SIM картой и датчиком движения. Отправка фото на электронную почту и телефон,Ozon,482103652,10375,https://www.ozon.ru/product/482103652/,False,USB/SD: интерфейс не подтверждён,"Карточка описывает сотовые возможности. В лесу без сети они не решают задачу; добавлять LoRa придётся отдельно, с проверкой отключения модема и доступа к оригиналу.",Получить инструкцию и проверить доступ к завершённому JPEG; наличия карты памяти недостаточно.,2026-10-07
HC800A,Филин HC 800(A) (L22318FO) (с голограммой) - фотоловушка для дачи и загородного дома. Фотоохрана туристического лагеря,Ozon,250974677,6607,https://www.ozon.ru/product/250974677/,False,USB/SD: интерфейс не подтверждён,"Хранение на карте упомянуто: возможна проверка USB, затем SD-переключателя. Но право доступа к карте и автоматический возврат в съёмку пока не установлены.",Получить инструкцию и проверить доступ к завершённому JPEG; наличия карты памяти недостаточно.,2026-10-07
BG636-48M,Фотоловушка Boly Guard BG636-48M,Ozon,1708585269,35735,https://www.ozon.ru/product/1708585269/,False,USB/SD: интерфейс не подтверждён,В полученном тексте недостаточно сведений о доступе к файлам. До покупки нужен паспорт и фотографии разъёмов; одна рекламная картинка не определяет путь доработки. Цена от 15 тыс. ₽ делает такой донор дорогим для первого вскрытия.,Получить инструкцию и проверить доступ к завершённому JPEG; наличия карты памяти недостаточно.,2026-10-07
MG984G-36M,Фотоловушка Boly Guard MG984G-36M,Ozon,1829978664,34538,https://www.ozon.ru/product/1829978664/,False,USB/SD: интерфейс не подтверждён,"Карточка описывает сотовые возможности. В лесу без сети они не решают задачу; добавлять LoRa придётся отдельно, с проверкой отключения модема и доступа к оригиналу. Цена от 15 тыс. ₽ делает такой донор дорогим для первого вскрытия.",Получить инструкцию и проверить доступ к завершённому JPEG; наличия карты памяти недостаточно.,2026-10-07
BG662-M,Фотоловушка BolyGuard BG662-M,Ozon,4115134921,25377,https://www.ozon.ru/product/4115134921/,False,USB/SD: интерфейс не подтверждён,"Карточка описывает сотовые возможности. В лесу без сети они не решают задачу; добавлять LoRa придётся отдельно, с проверкой отключения модема и доступа к оригиналу. Цена от 15 тыс. ₽ делает такой донор дорогим для первого вскрытия.",Получить инструкцию и проверить доступ к завершённому JPEG; наличия карты памяти недостаточно.,2026-10-07
BOLY EZGO,Фотоловушка BolyGuard EzGo,Ozon,2860485793,15129,https://www.ozon.ru/product/2860485793/,False,USB/SD: интерфейс не подтверждён,"Хранение на карте упомянуто: возможна проверка USB, затем SD-переключателя. Но право доступа к карте и автоматический возврат в съёмку пока не установлены. Цена от 15 тыс. ₽ делает такой донор дорогим для первого вскрытия.",Получить инструкцию и проверить доступ к завершённому JPEG; наличия карты памяти недостаточно.,2026-10-07
SG2060-T,Фотоловушка BolyGuard SG2060-T,Ozon,1699319954,19217,https://www.ozon.ru/product/1699319954/,False,USB/SD: интерфейс не подтверждён,В полученном тексте недостаточно сведений о доступе к файлам. До покупки нужен паспорт и фотографии разъёмов; одна рекламная картинка не определяет путь доработки. Цена от 15 тыс. ₽ делает такой донор дорогим для первого вскрытия.,Получить инструкцию и проверить доступ к завершённому JPEG; наличия карты памяти недостаточно.,2026-10-07
DL001,"Фотоловушка DL001 для охраны, видеонаблюдения и фотоохоты в лесу",Ozon,3590750003,2243,https://www.ozon.ru/product/3590750003/,False,USB/SD: интерфейс не подтверждён,В полученном тексте недостаточно сведений о доступе к файлам. До покупки нужен паспорт и фотографии разъёмов; одна рекламная картинка не определяет путь доработки.,Получить инструкцию и проверить доступ к завершённому JPEG; наличия карты памяти недостаточно.,2026-10-07
HC600PRO,Фотоловушка HC-600Pro,Wildberries,322435075,,https://www.wildberries.ru/catalog/322435075/detail.aspx,False,USB/SD: интерфейс не подтверждён,"Карточка описывает сотовые возможности. В лесу без сети они не решают задачу; добавлять LoRa придётся отдельно, с проверкой отключения модема и доступа к оригиналу.",Получить инструкцию и проверить доступ к завершённому JPEG; наличия карты памяти недостаточно.,2026-10-07
HC950PRO-LI,Фотоловушка HC-950Pro-LI,Wildberries,431708858,,https://www.wildberries.ru/catalog/431708858/detail.aspx,False,USB/SD: интерфейс не подтверждён,"Карточка описывает сотовые возможности. В лесу без сети они не решают задачу; добавлять LoRa придётся отдельно, с проверкой отключения модема и доступа к оригиналу.",Получить инструкцию и проверить доступ к завершённому JPEG; наличия карты памяти недостаточно.,2026-10-07
HC960PROLI,Фотоловушка HC-960PRO Li,Wildberries,711716001,,https://www.wildberries.ru/catalog/711716001/detail.aspx,False,Wi-Fi: API не подтверждён,Интересна для получения файла без вскрытия. Но нужно проверить локальную выгрузку и пробуждение: облачное приложение не заменяет доступный API.,Получить инструкцию и проверить доступ к завершённому JPEG; наличия карты памяти недостаточно.,2026-10-07
KG895F,Фотоловушка KeepGuard KG895F 4G GPS,Ozon,917300977,21718,https://www.ozon.ru/product/917300977/,False,USB/SD: интерфейс не подтверждён,"Карточка описывает сотовые возможности. В лесу без сети они не решают задачу; добавлять LoRa придётся отдельно, с проверкой отключения модема и доступа к оригиналу. Цена от 15 тыс. ₽ делает такой донор дорогим для первого вскрытия.",Получить инструкцию и проверить доступ к завершённому JPEG; наличия карты памяти недостаточно.,2026-10-07
LTL 8816W-4G,Фотоловушка Ltl Acorn 8816W-4G,Ozon,4320194331,74667,https://www.ozon.ru/product/4320194331/,False,USB/SD: интерфейс не подтверждён,"Карточка описывает сотовые возможности. В лесу без сети они не решают задачу; добавлять LoRa придётся отдельно, с проверкой отключения модема и доступа к оригиналу. Цена от 15 тыс. ₽ делает такой донор дорогим для первого вскрытия.",Получить инструкцию и проверить доступ к завершённому JPEG; наличия карты памяти недостаточно.,2026-10-07
LTL 8830W-4G,Фотоловушка Ltl Acorn 8830W-4G,Ozon,4320494290,78282,https://www.ozon.ru/product/4320494290/,False,USB/SD: интерфейс не подтверждён,"Карточка описывает сотовые возможности. В лесу без сети они не решают задачу; добавлять LoRa придётся отдельно, с проверкой отключения модема и доступа к оригиналу. Цена от 15 тыс. ₽ делает такой донор дорогим для первого вскрытия.",Получить инструкцию и проверить доступ к завершённому JPEG; наличия карты памяти недостаточно.,2026-10-07
MINI900PRO4G,"Фотоловушка Mini900Pro 4G, 2K, для охоты, передача фото и видео",Ozon,4998921218,6758,https://www.ozon.ru/product/4998921218/,False,USB/SD: интерфейс не подтверждён,"Карточка описывает сотовые возможности. В лесу без сети они не решают задачу; добавлять LoRa придётся отдельно, с проверкой отключения модема и доступа к оригиналу.",Получить инструкцию и проверить доступ к завершённому JPEG; наличия карты памяти недостаточно.,2026-10-07
HC300A,Фотоловушка Suntek HC-300A,Wildberries,138618828,,https://www.wildberries.ru/catalog/138618828/detail.aspx,False,USB/SD: интерфейс не подтверждён,"Хранение на карте упомянуто: возможна проверка USB, затем SD-переключателя. Но право доступа к карте и автоматический возврат в съёмку пока не установлены.",Получить инструкцию и проверить доступ к завершённому JPEG; наличия карты памяти недостаточно.,2026-10-07
HC801LTE,Фотоловушка Suntek HC-801LTE,Ozon,5266591834,12350,https://www.ozon.ru/product/5266591834/,False,USB/SD: интерфейс не подтверждён,"Карточка описывает сотовые возможности. В лесу без сети они не решают задачу; добавлять LoRa придётся отдельно, с проверкой отключения модема и доступа к оригиналу.",Получить инструкцию и проверить доступ к завершённому JPEG; наличия карты памяти недостаточно.,2026-10-07
HC801LTE-LI,Фотоловушка Suntek HC-801LTE-LI,Wildberries,527862279,,https://www.wildberries.ru/catalog/527862279/detail.aspx,False,USB/SD: интерфейс не подтверждён,"Карточка описывает сотовые возможности. В лесу без сети они не решают задачу; добавлять LoRa придётся отдельно, с проверкой отключения модема и доступа к оригиналу.",Получить инструкцию и проверить доступ к завершённому JPEG; наличия карты памяти недостаточно.,2026-10-07
HC801M,Фотоловушка Suntek HC-801M,Ozon,3620144180,10786,https://www.ozon.ru/product/3620144180/,False,USB/SD: интерфейс не подтверждён,В полученном тексте недостаточно сведений о доступе к файлам. До покупки нужен паспорт и фотографии разъёмов; одна рекламная картинка не определяет путь доработки.,Получить инструкцию и проверить доступ к завершённому JPEG; наличия карты памяти недостаточно.,2026-10-07
HC801PRO-LI,Фотоловушка Suntek HC-801Pro-LI,Ozon,3620139472,22870,https://www.ozon.ru/product/3620139472/,False,USB/SD: интерфейс не подтверждён,В полученном тексте недостаточно сведений о доступе к файлам. До покупки нужен паспорт и фотографии разъёмов; одна рекламная картинка не определяет путь доработки. Цена от 15 тыс. ₽ делает такой донор дорогим для первого вскрытия.,Получить инструкцию и проверить доступ к завершённому JPEG; наличия карты памяти недостаточно.,2026-10-07
HC810PRO,Фотоловушка Suntek HC-810Pro,Ozon,5823797481,20562,https://www.ozon.ru/product/5823797481/,False,USB/SD: интерфейс не подтверждён,В полученном тексте недостаточно сведений о доступе к файлам. До покупки нужен паспорт и фотографии разъёмов; одна рекламная картинка не определяет путь доработки. Цена от 15 тыс. ₽ делает такой донор дорогим для первого вскрытия.,Получить инструкцию и проверить доступ к завершённому JPEG; наличия карты памяти недостаточно.,2026-10-07
HC900LTE-LI,Фотоловушка Suntek HC-900LTE-LI,Ozon,3627558623,15245,https://www.ozon.ru/product/3627558623/,False,USB/SD: интерфейс не подтверждён,"Карточка описывает сотовые возможности. В лесу без сети они не решают задачу; добавлять LoRa придётся отдельно, с проверкой отключения модема и доступа к оригиналу. Цена от 15 тыс. ₽ делает такой донор дорогим для первого вскрытия.",Получить инструкцию и проверить доступ к завершённому JPEG; наличия карты памяти недостаточно.,2026-10-07
HC900PRO,Фотоловушка Suntek HC-900Pro,Ozon,3620169155,20569,https://www.ozon.ru/product/3620169155/,False,USB/SD: интерфейс не подтверждён,"Карточка описывает сотовые возможности. В лесу без сети они не решают задачу; добавлять LoRa придётся отдельно, с проверкой отключения модема и доступа к оригиналу. Цена от 15 тыс. ₽ делает такой донор дорогим для первого вскрытия.",Получить инструкцию и проверить доступ к завершённому JPEG; наличия карты памяти недостаточно.,2026-10-07
HC935A-LI,Фотоловушка Suntek HC-935A-LI,Ozon,5474088506,8118,https://www.ozon.ru/product/5474088506/,False,USB/SD: интерфейс не подтверждён,"Хранение на карте упомянуто: возможна проверка USB, затем SD-переключателя. Но право доступа к карте и автоматический возврат в съёмку пока не установлены.",Получить инструкцию и проверить доступ к завершённому JPEG; наличия карты памяти недостаточно.,2026-10-07
HC940,Фотоловушка Suntek HC-940(LTE-Pro-Li-4K),Wildberries,135028864,,https://www.wildberries.ru/catalog/135028864/detail.aspx,False,USB/SD: интерфейс не подтверждён,"Карточка описывает сотовые возможности. В лесу без сети они не решают задачу; добавлять LoRa придётся отдельно, с проверкой отключения модема и доступа к оригиналу.",Получить инструкцию и проверить доступ к завершённому JPEG; наличия карты памяти недостаточно.,2026-10-07
HC940A,Фотоловушка Suntek HC-940A,Wildberries,210415946,,https://www.wildberries.ru/catalog/210415946/detail.aspx,False,USB/SD: интерфейс не подтверждён,"Хранение на карте упомянуто: возможна проверка USB, затем SD-переключателя. Но право доступа к карте и автоматический возврат в съёмку пока не установлены.",Получить инструкцию и проверить доступ к завершённому JPEG; наличия карты памяти недостаточно.,2026-10-07
HC940PRO-LI,Фотоловушка Suntek HC-940Pro-LI,Ozon,3627557798,24390,https://www.ozon.ru/product/3627557798/,False,USB/SD: интерфейс не подтверждён,"Карточка описывает сотовые возможности. В лесу без сети они не решают задачу; добавлять LoRa придётся отдельно, с проверкой отключения модема и доступа к оригиналу. Цена от 15 тыс. ₽ делает такой донор дорогим для первого вскрытия.",Получить инструкцию и проверить доступ к завершённому JPEG; наличия карты памяти недостаточно.,2026-10-07
HC900PRO-LI,Фотоловушка Suntek HC900Pro-LI,Ozon,3627558446,22924,https://www.ozon.ru/product/3627558446/,False,USB/SD: интерфейс не подтверждён,В полученном тексте недостаточно сведений о доступе к файлам. До покупки нужен паспорт и фотографии разъёмов; одна рекламная картинка не определяет путь доработки. Цена от 15 тыс. ₽ делает такой донор дорогим для первого вскрытия.,Получить инструкцию и проверить доступ к завершённому JPEG; наличия карты памяти недостаточно.,2026-10-07
TUYA940-LI,Фотоловушка Suntek Tuya940-LI,Ozon,5266590916,13772,https://www.ozon.ru/product/5266590916/,False,USB/SD: интерфейс не подтверждён,В полученном тексте недостаточно сведений о доступе к файлам. До покупки нужен паспорт и фотографии разъёмов; одна рекламная картинка не определяет путь доработки.,Получить инструкцию и проверить доступ к завершённому JPEG; наличия карты памяти недостаточно.,2026-10-07
HC300M,Фотоловушка Suntekcam Филин HC-300M для охоты и охраны,Wildberries,248581003,,https://www.wildberries.ru/catalog/248581003/detail.aspx,False,USB/SD: интерфейс не подтверждён,"Карточка описывает сотовые возможности. В лесу без сети они не решают задачу; добавлять LoRa придётся отдельно, с проверкой отключения модема и доступа к оригиналу.",Получить инструкцию и проверить доступ к завершённому JPEG; наличия карты памяти недостаточно.,2026-10-07
TELTOS120,Фотоловушка Teltos 120 / фото ловушка без модуля связи,Ozon,1804654021,5158,https://www.ozon.ru/product/1804654021/,False,USB/SD: интерфейс не подтверждён,В полученном тексте недостаточно сведений о доступе к файлам. До покупки нужен паспорт и фотографии разъёмов; одна рекламная картинка не определяет путь доработки.,Получить инструкцию и проверить доступ к завершённому JPEG; наличия карты памяти недостаточно.,2026-10-07
TELTOS1204GPRO,Фотоловушка Teltos 120 4G PRO/ Отправка фото по 4G и приложению/ 30 Мегапикселей 2К видео,Ozon,1804653860,7681,https://www.ozon.ru/product/1804653860/,False,USB/SD: интерфейс не подтверждён,"Карточка описывает сотовые возможности. В лесу без сети они не решают задачу; добавлять LoRa придётся отдельно, с проверкой отключения модема и доступа к оригиналу.",Получить инструкцию и проверить доступ к завершённому JPEG; наличия карты памяти недостаточно.,2026-10-07
ЕГЕРЬКАМ ЗОРКИЙ,"Фотоловушка ЕгерьКам 3.0 Зоркий с системой Антивор GPS для охоты, охраны (поддержка 4G LTE, датчик движения на 20 м, передача данных на телефон, почту или облако)",Ozon,1831372136,35308,https://www.ozon.ru/product/1831372136/,False,USB/SD: интерфейс не подтверждён,"Карточка описывает сотовые возможности. В лесу без сети они не решают задачу; добавлять LoRa придётся отдельно, с проверкой отключения модема и доступа к оригиналу. Цена от 15 тыс. ₽ делает такой донор дорогим для первого вскрытия.",Получить инструкцию и проверить доступ к завершённому JPEG; наличия карты памяти недостаточно.,2026-10-07
ЕГЕРЬКАМ СНАЙПЕР,"Фотоловушка ЕгерьКам 3.0 Снайпер с системой Антивор GPS для охоты, охраны (поддержка 4G LTE, датчик движения на 35 м, передача данных на телефон, почту или облако)",Ozon,1831371345,56014,https://www.ozon.ru/product/1831371345/,False,USB/SD: интерфейс не подтверждён,"Карточка описывает сотовые возможности. В лесу без сети они не решают задачу; добавлять LoRa придётся отдельно, с проверкой отключения модема и доступа к оригиналу. Цена от 15 тыс. ₽ делает такой донор дорогим для первого вскрытия.",Получить инструкцию и проверить доступ к завершённому JPEG; наличия карты памяти недостаточно.,2026-10-07
ЕГЕРЬКАМ ЗОРКИЙ МИНИ,"Фотоловушка ЕгерьКам Кругозор 3.0 Зоркий Мини с системой Антивор GPS для охоты, охраны (поддержка 4G LTE, датчик движения на 20 м, передача данных на телефон, почту или облако)",Ozon,1831370735,28828,https://www.ozon.ru/product/1831370735/,False,USB/SD: интерфейс не подтверждён,"Карточка описывает сотовые возможности. В лесу без сети они не решают задачу; добавлять LoRa придётся отдельно, с проверкой отключения модема и доступа к оригиналу. Цена от 15 тыс. ₽ делает такой донор дорогим для первого вскрытия.",Получить инструкцию и проверить доступ к завершённому JPEG; наличия карты памяти недостаточно.,2026-10-07
ЕГЕРЬКАМ СНАЙПЕР МИНИ,"Фотоловушка ЕгерьКам Охотник 3.0 Снайпер Мини с системой Антивор GPS для охоты, охраны (поддержка 4G LTE, датчик движения на 35 м, передача данных на телефон, почту или облако)",Ozon,1831371558,56007,https://www.ozon.ru/product/1831371558/,False,USB/SD: интерфейс не подтверждён,"Карточка описывает сотовые возможности. В лесу без сети они не решают задачу; добавлять LoRa придётся отдельно, с проверкой отключения модема и доступа к оригиналу. Цена от 15 тыс. ₽ делает такой донор дорогим для первого вскрытия.",Получить инструкцию и проверить доступ к завершённому JPEG; наличия карты памяти недостаточно.,2026-10-07
HC801BH,Фотоловушка Филин HC-801BH (Оригинал),Wildberries,52713833,,https://www.wildberries.ru/catalog/52713833/detail.aspx,False,USB/SD: интерфейс не подтверждён,"Хранение на карте упомянуто: возможна проверка USB, затем SD-переключателя. Но право доступа к карте и автоматический возврат в съёмку пока не установлены.",Получить инструкцию и проверить доступ к завершённому JPEG; наличия карты памяти недостаточно.,2026-10-07
HC700-AH,Фотоловушка для дачи - Филин HC 700-AH (W4851RU) - невидимая фотоловушка / камера для охоты,Ozon,259242133,6138,https://www.ozon.ru/product/259242133/,False,USB/SD: интерфейс не подтверждён,"Хранение на карте упомянуто: возможна проверка USB, затем SD-переключателя. Но право доступа к карте и автоматический возврат в съёмку пока не установлены.",Получить инструкцию и проверить доступ к завершённому JPEG; наличия карты памяти недостаточно.,2026-10-07
TELTOS001,"Фотоловушка для охоты Teltos 001, охраны, без модуля связи, фото ловушка для природы и дачи",Ozon,2030799134,3483,https://www.ozon.ru/product/2030799134/,False,USB/SD: интерфейс не подтверждён,В полученном тексте недостаточно сведений о доступе к файлам. До покупки нужен паспорт и фотографии разъёмов; одна рекламная картинка не определяет путь доработки.,Получить инструкцию и проверить доступ к завершённому JPEG; наличия карты памяти недостаточно.,2026-10-07
HC700,Фотоловушка для охраны дачи Филин HC700 (ah-li) с датчиком движения,Ozon,4799732232,6260,https://www.ozon.ru/product/4799732232/,False,USB/SD: интерфейс не подтверждён,"Хранение на карте упомянуто: возможна проверка USB, затем SD-переключателя. Но право доступа к карте и автоматический возврат в съёмку пока не установлены.",Получить инструкцию и проверить доступ к завершённому JPEG; наличия карты памяти недостаточно.,2026-10-07
KG895,"Фотоловушка для охраны, охоты 4G ( KeepGuard KG 895) с поддержкой приложения на телефоне / Лесная камера / Фотоловушка для дачи",Ozon,3590593060,11002,https://www.ozon.ru/product/3590593060/,False,USB/SD: интерфейс не подтверждён,"Карточка описывает сотовые возможности. В лесу без сети они не решают задачу; добавлять LoRa придётся отдельно, с проверкой отключения модема и доступа к оригиналу.",Получить инструкцию и проверить доступ к завершённому JPEG; наличия карты памяти недостаточно.,2026-10-07
HC910,Фотоловушка охранная LTE-Pro-4K HC-910 Filin с приложением,Ozon,4448269463,11181,https://www.ozon.ru/product/4448269463/,False,USB/SD: интерфейс не подтверждён,"Карточка описывает сотовые возможности. В лесу без сети они не решают задачу; добавлять LoRa придётся отдельно, с проверкой отключения модема и доступа к оригиналу.",Получить инструкцию и проверить доступ к завершённому JPEG; наличия карты памяти недостаточно.,2026-10-07
BG410-M,Фотоловушка с модулем связи 4G BG410M Расширенная комплектация / Фото 37МП 4К видео + Солнечная панель + АКБ 2 ШТ + Карта Памяти,Ozon,1804653824,13009,https://www.ozon.ru/product/1804653824/,False,USB/SD: интерфейс не подтверждён,"Карточка описывает сотовые возможности. В лесу без сети они не решают задачу; добавлять LoRa придётся отдельно, с проверкой отключения модема и доступа к оригиналу.",Получить инструкцию и проверить доступ к завершённому JPEG; наличия карты памяти недостаточно.,2026-10-07
,"Фотоловушка для охоты и охраны с датчиком движения, с ночным видением, лесная камера, для наблюдения за природой,16 Мп фото, 1080 P видео, 32 гб карта памяти в подарок",Ozon,1930873156,2565,https://www.ozon.ru/product/1930873156/,False,USB/SD: интерфейс не подтверждён,"Хранение на карте упомянуто: возможна проверка USB, затем SD-переключателя. Но право доступа к карте и автоматический возврат в съёмку пока не установлены.",Получить инструкцию и проверить доступ к завершённому JPEG; наличия карты памяти недостаточно.,2026-10-07
,Фотоловушка для охоты и охраны с датчиком движения,Ozon,5802914006,2236,https://www.ozon.ru/product/5802914006/,False,USB/SD: интерфейс не подтверждён,В полученном тексте недостаточно сведений о доступе к файлам. До покупки нужен паспорт и фотографии разъёмов; одна рекламная картинка не определяет путь доработки.,Получить инструкцию и проверить доступ к завершённому JPEG; наличия карты памяти недостаточно.,2026-10-07
,Фотоловушка для охоты и дачи с дисплеем и флешкой,Ozon,4496695289,3135,https://www.ozon.ru/product/4496695289/,False,USB/SD: интерфейс не подтверждён,В полученном тексте недостаточно сведений о доступе к файлам. До покупки нужен паспорт и фотографии разъёмов; одна рекламная картинка не определяет путь доработки.,Получить инструкцию и проверить доступ к завершённому JPEG; наличия карты памяти недостаточно.,2026-10-07
,Фотоловушка для охоты,Ozon,1344467336,2321,https://www.ozon.ru/product/1344467336/,False,USB/SD: интерфейс не подтверждён,В полученном тексте недостаточно сведений о доступе к файлам. До покупки нужен паспорт и фотографии разъёмов; одна рекламная картинка не определяет путь доработки.,Получить инструкцию и проверить доступ к завершённому JPEG; наличия карты памяти недостаточно.,2026-10-07
,Фотоловушка для охоты для охраны и видеонаблюдения/ Видеокамера для фото охоты в лесу 1080P,Ozon,5455203778,4156,https://www.ozon.ru/product/5455203778/,False,USB/SD: интерфейс не подтверждён,В полученном тексте недостаточно сведений о доступе к файлам. До покупки нужен паспорт и фотографии разъёмов; одна рекламная картинка не определяет путь доработки.,Получить инструкцию и проверить доступ к завершённому JPEG; наличия карты памяти недостаточно.,2026-10-07
,"Фотоловушка для охоты , 32GB",Ozon,4429468773,3209,https://www.ozon.ru/product/4429468773/,False,USB/SD: интерфейс не подтверждён,В полученном тексте недостаточно сведений о доступе к файлам. До покупки нужен паспорт и фотографии разъёмов; одна рекламная картинка не определяет путь доработки.,Получить инструкцию и проверить доступ к завершённому JPEG; наличия карты памяти недостаточно.,2026-10-07
,"Фотоловушка Hunter 5Мп с функцией серийной съемки / Фотоловушка для охоты, охраны с ночной съемкой и поддержкой SD-карт до 32Гб",Ozon,3590734083,2724,https://www.ozon.ru/product/3590734083/,False,USB/SD: интерфейс не подтверждён,"Хранение на карте упомянуто: возможна проверка USB, затем SD-переключателя. Но право доступа к карте и автоматический возврат в съёмку пока не установлены.",Получить инструкцию и проверить доступ к завершённому JPEG; наличия карты памяти недостаточно.,2026-10-07
,Фотоловушка,Ozon,4315525568,1125,https://www.ozon.ru/product/4315525568/,False,USB/SD: интерфейс не подтверждён,В полученном тексте недостаточно сведений о доступе к файлам. До покупки нужен паспорт и фотографии разъёмов; одна рекламная картинка не определяет путь доработки.,Получить инструкцию и проверить доступ к завершённому JPEG; наличия карты памяти недостаточно.,2026-10-07
,"Фотоловушка 4G/LTE для охоты, 2K видео, 30 МП, IP65, солнечная панель, карта памяти 32 ГБ в комплекте",Ozon,3367760966,6626,https://www.ozon.ru/product/3367760966/,False,USB/SD: интерфейс не подтверждён,"Карточка описывает сотовые возможности. В лесу без сети они не решают задачу; добавлять LoRa придётся отдельно, с проверкой отключения модема и доступа к оригиналу.",Получить инструкцию и проверить доступ к завершённому JPEG; наличия карты памяти недостаточно.,2026-10-07
,Фотоловушка,Ozon,3441030988,1424,https://www.ozon.ru/product/3441030988/,False,USB/SD: интерфейс не подтверждён,В полученном тексте недостаточно сведений о доступе к файлам. До покупки нужен паспорт и фотографии разъёмов; одна рекламная картинка не определяет путь доработки.,Получить инструкцию и проверить доступ к завершённому JPEG; наличия карты памяти недостаточно.,2026-10-07
,Фотоловушка,Ozon,5746452932,2908,https://www.ozon.ru/product/5746452932/,False,USB/SD: интерфейс не подтверждён,В полученном тексте недостаточно сведений о доступе к файлам. До покупки нужен паспорт и фотографии разъёмов; одна рекламная картинка не определяет путь доработки.,Получить инструкцию и проверить доступ к завершённому JPEG; наличия карты памяти недостаточно.,2026-10-07
,SUNTEK Фотоловушка,Ozon,5495148873,3484,https://www.ozon.ru/product/5495148873/,False,USB/SD: интерфейс не подтверждён,В полученном тексте недостаточно сведений о доступе к файлам. До покупки нужен паспорт и фотографии разъёмов; одна рекламная картинка не определяет путь доработки.,Получить инструкцию и проверить доступ к завершённому JPEG; наличия карты памяти недостаточно.,2026-10-07
,SUNTEK Фотоловушка,Ozon,5488389254,2451,https://www.ozon.ru/product/5488389254/,False,USB/SD: интерфейс не подтверждён,В полученном тексте недостаточно сведений о доступе к файлам. До покупки нужен паспорт и фотографии разъёмов; одна рекламная картинка не определяет путь доработки.,Получить инструкцию и проверить доступ к завершённому JPEG; наличия карты памяти недостаточно.,2026-10-07
,SUNTEK Фотоловушка,Ozon,5495096511,6148,https://www.ozon.ru/product/5495096511/,False,USB/SD: интерфейс не подтверждён,В полученном тексте недостаточно сведений о доступе к файлам. До покупки нужен паспорт и фотографии разъёмов; одна рекламная картинка не определяет путь доработки.,Получить инструкцию и проверить доступ к завершённому JPEG; наличия карты памяти недостаточно.,2026-10-07
,"фотоловушка для охоты с сим картой, для охраны дома или дачи, лесная камера, фотоловушка с солнечной батареей, видеокамера уличная 4g, с приложением, ночное видение, инструкция на русском",Ozon,3473469230,9256,https://www.ozon.ru/product/3473469230/,False,USB/SD: интерфейс не подтверждён,"Карточка описывает сотовые возможности. В лесу без сети они не решают задачу; добавлять LoRa придётся отдельно, с проверкой отключения модема и доступа к оригиналу.",Получить инструкцию и проверить доступ к завершённому JPEG; наличия карты памяти недостаточно.,2026-10-07
,Фотоловушка,Ozon,3722953818,6614,https://www.ozon.ru/product/3722953818/,False,USB/SD: интерфейс не подтверждён,"Карточка описывает сотовые возможности. В лесу без сети они не решают задачу; добавлять LoRa придётся отдельно, с проверкой отключения модема и доступа к оригиналу.",Получить инструкцию и проверить доступ к завершённому JPEG; наличия карты памяти недостаточно.,2026-10-07
,"Фотоловушка для охоты 4G новая версия с солнечной батареей и сим картой, камера для охраны дома или дачи",Ozon,5322724199,7719,https://www.ozon.ru/product/5322724199/,False,Wi-Fi: API не подтверждён,Интересна для получения файла без вскрытия. Но нужно проверить локальную выгрузку и пробуждение: облачное приложение не заменяет доступный API.,Получить инструкцию и проверить доступ к завершённому JPEG; наличия карты памяти недостаточно.,2026-10-07
,Фотоловушка,Ozon,5342453021,4773,https://www.ozon.ru/product/5342453021/,False,USB/SD: интерфейс не подтверждён,В полученном тексте недостаточно сведений о доступе к файлам. До покупки нужен паспорт и фотографии разъёмов; одна рекламная картинка не определяет путь доработки.,Получить инструкцию и проверить доступ к завершённому JPEG; наличия карты памяти недостаточно.,2026-10-07
,Фотоловушка,Ozon,4978569560,4899,https://www.ozon.ru/product/4978569560/,False,USB/SD: интерфейс не подтверждён,В полученном тексте недостаточно сведений о доступе к файлам. До покупки нужен паспорт и фотографии разъёмов; одна рекламная картинка не определяет путь доработки.,Получить инструкцию и проверить доступ к завершённому JPEG; наличия карты памяти недостаточно.,2026-10-07
,Фотоловушка,Ozon,4943681403,4349,https://www.ozon.ru/product/4943681403/,False,USB/SD: интерфейс не подтверждён,В полученном тексте недостаточно сведений о доступе к файлам. До покупки нужен паспорт и фотографии разъёмов; одна рекламная картинка не определяет путь доработки.,Получить инструкцию и проверить доступ к завершённому JPEG; наличия карты памяти недостаточно.,2026-10-07
,Фотоловушка,Ozon,4955913405,4156,https://www.ozon.ru/product/4955913405/,False,USB/SD: интерфейс не подтверждён,В полученном тексте недостаточно сведений о доступе к файлам. До покупки нужен паспорт и фотографии разъёмов; одна рекламная картинка не определяет путь доработки.,Получить инструкцию и проверить доступ к завершённому JPEG; наличия карты памяти недостаточно.,2026-10-07
,Фотоловушка Hunterhelp широкоугольная,Ozon,4776698108,33912,https://www.ozon.ru/product/4776698108/,False,USB/SD: интерфейс не подтверждён,"Карточка описывает сотовые возможности. В лесу без сети они не решают задачу; добавлять LoRa придётся отдельно, с проверкой отключения модема и доступа к оригиналу. Цена от 15 тыс. ₽ делает такой донор дорогим для первого вскрытия.",Получить инструкцию и проверить доступ к завершённому JPEG; наличия карты памяти недостаточно.,2026-10-07
,Фотоловушка,Ozon,5443815065,3034,https://www.ozon.ru/product/5443815065/,False,USB/SD: интерфейс не подтверждён,В полученном тексте недостаточно сведений о доступе к файлам. До покупки нужен паспорт и фотографии разъёмов; одна рекламная картинка не определяет путь доработки.,Получить инструкцию и проверить доступ к завершённому JPEG; наличия карты памяти недостаточно.,2026-10-07
,"Фотоловушка для охоты 4G с солнечной батареей и сим картой, камера для охраны дома или дачи",Ozon,2091982875,8725,https://www.ozon.ru/product/2091982875/,False,Wi-Fi: API не подтверждён,Интересна для получения файла без вскрытия. Но нужно проверить локальную выгрузку и пробуждение: облачное приложение не заменяет доступный API.,Получить инструкцию и проверить доступ к завершённому JPEG; наличия карты памяти недостаточно.,2026-10-07
,UnionCam Фотоловушка,Ozon,3182596401,426,https://www.ozon.ru/product/3182596401/,False,USB/SD: интерфейс не подтверждён,В полученном тексте недостаточно сведений о доступе к файлам. До покупки нужен паспорт и фотографии разъёмов; одна рекламная картинка не определяет путь доработки.,Получить инструкцию и проверить доступ к завершённому JPEG; наличия карты памяти недостаточно.,2026-10-07
,TurboSky Фотоловушка,Ozon,4818289804,4907,https://www.ozon.ru/product/4818289804/,False,USB/SD: интерфейс не подтверждён,В полученном тексте недостаточно сведений о доступе к файлам. До покупки нужен паспорт и фотографии разъёмов; одна рекламная картинка не определяет путь доработки.,Получить инструкцию и проверить доступ к завершённому JPEG; наличия карты памяти недостаточно.,2026-10-07
,TurboSky Фотоловушка,Ozon,3355873469,4907,https://www.ozon.ru/product/3355873469/,False,USB/SD: интерфейс не подтверждён,"Хранение на карте упомянуто: возможна проверка USB, затем SD-переключателя. Но право доступа к карте и автоматический возврат в съёмку пока не установлены.",Получить инструкцию и проверить доступ к завершённому JPEG; наличия карты памяти недостаточно.,2026-10-07
,"Фотоловушка для охоты 4G новая версия с солнечной батареей и сим картой, камера для охраны дома или дачи",Ozon,5289122998,6023,https://www.ozon.ru/product/5289122998/,False,Wi-Fi: API не подтверждён,Интересна для получения файла без вскрытия. Но нужно проверить локальную выгрузку и пробуждение: облачное приложение не заменяет доступный API.,Получить инструкцию и проверить доступ к завершённому JPEG; наличия карты памяти недостаточно.,2026-10-07
,Фотоловушка,Ozon,5887917824,1130,https://www.ozon.ru/product/5887917824/,False,USB/SD: интерфейс не подтверждён,В полученном тексте недостаточно сведений о доступе к файлам. До покупки нужен паспорт и фотографии разъёмов; одна рекламная картинка не определяет путь доработки.,Получить инструкцию и проверить доступ к завершённому JPEG; наличия карты памяти недостаточно.,2026-10-07
,"Фотоловушка с сим картой для охоты, 4G, охраны дома или дачи с передачей на телефон",Ozon,288654230,15459,https://www.ozon.ru/product/288654230/,False,USB/SD: интерфейс не подтверждён,"Карточка описывает сотовые возможности. В лесу без сети они не решают задачу; добавлять LoRa придётся отдельно, с проверкой отключения модема и доступа к оригиналу. Цена от 15 тыс. ₽ делает такой донор дорогим для первого вскрытия.",Получить инструкцию и проверить доступ к завершённому JPEG; наличия карты памяти недостаточно.,2026-10-07
,"Фотоловушка для наблюдения, охоты и охраны участков",Wildberries,166217697,,https://www.wildberries.ru/catalog/166217697/detail.aspx,False,USB/SD: интерфейс не подтверждён,В полученном тексте недостаточно сведений о доступе к файлам. До покупки нужен паспорт и фотографии разъёмов; одна рекламная картинка не определяет путь доработки.,Получить инструкцию и проверить доступ к завершённому JPEG; наличия карты памяти недостаточно.,2026-10-07
,Фотоловушка для охоты и дачи с дисплеем и флешкой,Wildberries,668698054,,https://www.wildberries.ru/catalog/668698054/detail.aspx,False,USB/SD: интерфейс не подтверждён,В полученном тексте недостаточно сведений о доступе к файлам. До покупки нужен паспорт и фотографии разъёмов; одна рекламная картинка не определяет путь доработки.,Получить инструкцию и проверить доступ к завершённому JPEG; наличия карты памяти недостаточно.,2026-10-07
,фотоловушка,Wildberries,314310254,,https://www.wildberries.ru/catalog/314310254/detail.aspx,False,USB/SD: интерфейс не подтверждён,"Хранение на карте упомянуто: возможна проверка USB, затем SD-переключателя. Но право доступа к карте и автоматический возврат в съёмку пока не установлены.",Получить инструкцию и проверить доступ к завершённому JPEG; наличия карты памяти недостаточно.,2026-10-07
,Фотоловушка для охоты с солнечной батареей,Wildberries,398311455,,https://www.wildberries.ru/catalog/398311455/detail.aspx,False,Wi-Fi: API не подтверждён,Интересна для получения файла без вскрытия. Но нужно проверить локальную выгрузку и пробуждение: облачное приложение не заменяет доступный API.,Получить инструкцию и проверить доступ к завершённому JPEG; наличия карты памяти недостаточно.,2026-10-07
,Фотоловушка для охраны,Wildberries,347565134,,https://www.wildberries.ru/catalog/347565134/detail.aspx,False,USB/SD: интерфейс не подтверждён,"Хранение на карте упомянуто: возможна проверка USB, затем SD-переключателя. Но право доступа к карте и автоматический возврат в съёмку пока не установлены.",Получить инструкцию и проверить доступ к завершённому JPEG; наличия карты памяти недостаточно.,2026-10-07
