model,name,status,file,source,search
BG590-4K,BolyGuard BG590-4K,Документ для модели/серии найден; сверить ревизию,b3360bb066f9.pdf,https://bolymedia.com/Public/upload/PDF/1.71.1BG590K11-2024.pdf,https://bolymedia.com/index/Support
SG520-PLUS,BolyGuard SG520-plus,Документ для модели/серии найден; сверить ревизию,968f1fad0444.pdf,https://bolymedia.com/Public/upload/PDF/SG520-PlusUser manual(20250507).pdf,https://bolymedia.com/index/Support
DL11T2,DL11T2,Подходящее официальное руководство не найдено,,,
HC900A,HC-900A · Wildberries,"Официальная ссылка найдена, скачать не удалось",,https://cnsuntek.com/wp-content/uploads/2022/06/HC-900A-JL%E8%AF%B4%E6%98%8E%E4%B9%A6-36mp-20210702.pdf,https://cnsuntek.com/user-manual/
MINI700W,MINI700W,Подходящее официальное руководство не найдено,,,https://cnsuntek.com/user-manual/
HC550A,Suntek HC-550A,Подходящее официальное руководство не найдено,,,https://cnsuntek.com/user-manual/
HC801A,Suntek HC-801A,Подходящее официальное руководство не найдено,,,https://cnsuntek.com/user-manual/
HT001,Suntek HT-001,Подходящее официальное руководство не найдено,,,https://cnsuntek.com/user-manual/
MINI301,Suntek Mini301,Подходящее официальное руководство не найдено,,,https://cnsuntek.com/user-manual/
WIFI-900-PRO,Филин WiFi-900-PRO,"Официальная ссылка найдена, скачать не удалось",,https://cnsuntek.com/wp-content/uploads/2022/06/WiFi900Pro%E8%AF%B4%E6%98%8E%E4%B9%A6-36MP-2022-04-06.pdf,
HC900,4G-4K фотоловушка для охраны Filin HC-900 (Ultra) (Оригинал),Подходящее официальное руководство не найдено,,,https://cnsuntek.com/user-manual/
HC801MAXLI,"4K-фотоловушка с 4G-модулем, углом обзора 120 и поддержкой мобильного приложения Suntek HC-801 MAX Li",Подходящее официальное руководство не найдено,,,https://cnsuntek.com/user-manual/
HC550G-4G-APP,Уличная 4G/LTE фотоловушка с датчиком движения (с голограммой) разрешение 2К (2048 x 1080) - HC-550G-4G-APP,Подходящее официальное руководство не найдено,,,https://cnsuntek.com/user-manual/
HC400-AH-LI,"Уличная фотоловушка 2МП Филин HC 400-AH-li (RU) (Q22169HUN) с записью на SD карту для охоты и охраны дачи. Работа от аккумуляторов, Full HD видео.",Подходящее официальное руководство не найдено,,,https://cnsuntek.com/user-manual/
HC550M-2G,Уличная фотоловушка Филин HC-550M-2G (P36471OF) с SIM картой и датчиком движения. Отправка фото на электронную почту и телефон,Подходящее официальное руководство не найдено,,,https://cnsuntek.com/user-manual/
HC800A,Филин HC 800(A) (L22318FO) (с голограммой) - фотоловушка для дачи и загородного дома. Фотоохрана туристического лагеря,Подходящее официальное руководство не найдено,,,https://cnsuntek.com/user-manual/
BG636-48M,Фотоловушка Boly Guard BG636-48M,Документ для модели/серии найден; сверить ревизию,5daa351cbe63.pdf,https://bolymedia.com/Public/upload/PDF/1.71.1BG636E01.pdf,https://bolymedia.com/index/Support
MG984G-36M,Фотоловушка Boly Guard MG984G-36M,Документ для модели/серии найден; сверить ревизию,070a756ac5fc.pdf,https://bolymedia.com/Public/upload/PDF/1.71.1984G3604(20241031).pdf,https://bolymedia.com/index/Support
BG662-M,Фотоловушка BolyGuard BG662-M,Документ для модели/серии найден; сверить ревизию,5e85450e5de8.pdf,https://bolymedia.com/Public/upload/PDF/1.71.1BG66200120230717.pdf,https://bolymedia.com/index/Support
BOLY EZGO,Фотоловушка BolyGuard EzGo,Подходящее официальное руководство не найдено,,,
SG2060-T,Фотоловушка BolyGuard SG2060-T,Документ для модели/серии найден; сверить ревизию,8ed1d12f1d62.pdf,https://bolymedia.com/Public/upload/PDF/1.71.1020604812022.pdf,https://bolymedia.com/index/Support
DL001,"Фотоловушка DL001 для охраны, видеонаблюдения и фотоохоты в лесу",Подходящее официальное руководство не найдено,,,
HC600PRO,Фотоловушка HC-600Pro,Подходящее официальное руководство не найдено,,,https://cnsuntek.com/user-manual/
HC950PRO-LI,Фотоловушка HC-950Pro-LI,Подходящее официальное руководство не найдено,,,https://cnsuntek.com/user-manual/
HC960PROLI,Фотоловушка HC-960PRO Li,Подходящее официальное руководство не найдено,,,https://cnsuntek.com/user-manual/
KG895F,Фотоловушка KeepGuard KG895F 4G GPS,Подходящее официальное руководство не найдено,,,
LTL 8816W-4G,Фотоловушка Ltl Acorn 8816W-4G,Подходящее официальное руководство не найдено,,,
LTL 8830W-4G,Фотоловушка Ltl Acorn 8830W-4G,Подходящее официальное руководство не найдено,,,
MINI900PRO4G,"Фотоловушка Mini900Pro 4G, 2K, для охоты, передача фото и видео",Подходящее официальное руководство не найдено,,,https://cnsuntek.com/user-manual/
HC300A,Фотоловушка Suntek HC-300A,Подходящее официальное руководство не найдено,,,https://cnsuntek.com/user-manual/
HC801LTE,Фотоловушка Suntek HC-801LTE,Документ для модели/серии найден; сверить ревизию,5b869e899c34.pdf,https://suntekcam.ru/podderzhka/Руководство пользователя Suntek HC-801LTE (801LTE-LI).pdf,https://cnsuntek.com/user-manual/
HC801LTE-LI,Фотоловушка Suntek HC-801LTE-LI,Документ для модели/серии найден; сверить ревизию,5b869e899c34.pdf,https://suntekcam.ru/podderzhka/Руководство пользователя Suntek HC-801LTE (801LTE-LI).pdf,https://cnsuntek.com/user-manual/
HC801M,Фотоловушка Suntek HC-801M,Подходящее официальное руководство не найдено,,,https://cnsuntek.com/user-manual/
HC801PRO-LI,Фотоловушка Suntek HC-801Pro-LI,Документ для модели/серии найден; сверить ревизию,6c07d57da406.pdf,https://suntekcam.ru/podderzhka/Руководство пользователя Suntek HC-801PRO (801PRO-LI).pdf,https://cnsuntek.com/user-manual/
HC810PRO,Фотоловушка Suntek HC-810Pro,Подходящее официальное руководство не найдено,,,https://cnsuntek.com/user-manual/
HC900LTE-LI,Фотоловушка Suntek HC-900LTE-LI,Подходящее официальное руководство не найдено,,,https://cnsuntek.com/user-manual/
HC900PRO,Фотоловушка Suntek HC-900Pro,Подходящее официальное руководство не найдено,,,https://cnsuntek.com/user-manual/
HC935A-LI,Фотоловушка Suntek HC-935A-LI,Подходящее официальное руководство не найдено,,,https://cnsuntek.com/user-manual/
HC940,Фотоловушка Suntek HC-940(LTE-Pro-Li-4K),Подходящее официальное руководство не найдено,,,https://cnsuntek.com/user-manual/
HC940A,Фотоловушка Suntek HC-940A,Подходящее официальное руководство не найдено,,,https://cnsuntek.com/user-manual/
HC940PRO-LI,Фотоловушка Suntek HC-940Pro-LI,"Официальная ссылка найдена, скачать не удалось",,https://cnsuntek.com/wp-content/uploads/2022/06/HC-940Pro-LI-Manual.pdf,https://cnsuntek.com/user-manual/
HC900PRO-LI,Фотоловушка Suntek HC900Pro-LI,Подходящее официальное руководство не найдено,,,https://cnsuntek.com/user-manual/
TUYA940-LI,Фотоловушка Suntek Tuya940-LI,Подходящее официальное руководство не найдено,,,
HC300M,Фотоловушка Suntekcam Филин HC-300M для охоты и охраны,Подходящее официальное руководство не найдено,,,https://cnsuntek.com/user-manual/
TELTOS120,Фотоловушка Teltos 120 / фото ловушка без модуля связи,Документ для модели/серии найден; сверить ревизию,ecb3017d3326.pdf,https://teltos24.ru/uploads/Manual/Филин 120 JL.pdf,
TELTOS1204GPRO,Фотоловушка Teltos 120 4G PRO/ Отправка фото по 4G и приложению/ 30 Мегапикселей 2К видео,Подходящее официальное руководство не найдено,,,
ЕГЕРЬКАМ ЗОРКИЙ,"Фотоловушка ЕгерьКам 3.0 Зоркий с системой Антивор GPS для охоты, охраны (поддержка 4G LTE, датчик движения на 20 м, передача данных на телефон, почту или облако)",Подходящее официальное руководство не найдено,,,
ЕГЕРЬКАМ СНАЙПЕР,"Фотоловушка ЕгерьКам 3.0 Снайпер с системой Антивор GPS для охоты, охраны (поддержка 4G LTE, датчик движения на 35 м, передача данных на телефон, почту или облако)",Подходящее официальное руководство не найдено,,,
ЕГЕРЬКАМ ЗОРКИЙ МИНИ,"Фотоловушка ЕгерьКам Кругозор 3.0 Зоркий Мини с системой Антивор GPS для охоты, охраны (поддержка 4G LTE, датчик движения на 20 м, передача данных на телефон, почту или облако)",Подходящее официальное руководство не найдено,,,
ЕГЕРЬКАМ СНАЙПЕР МИНИ,"Фотоловушка ЕгерьКам Охотник 3.0 Снайпер Мини с системой Антивор GPS для охоты, охраны (поддержка 4G LTE, датчик движения на 35 м, передача данных на телефон, почту или облако)",Подходящее официальное руководство не найдено,,,
HC801BH,Фотоловушка Филин HC-801BH (Оригинал),Подходящее официальное руководство не найдено,,,https://cnsuntek.com/user-manual/
HC700-AH,Фотоловушка для дачи - Филин HC 700-AH (W4851RU) - невидимая фотоловушка / камера для охоты,Подходящее официальное руководство не найдено,,,https://cnsuntek.com/user-manual/
TELTOS001,"Фотоловушка для охоты Teltos 001, охраны, без модуля связи, фото ловушка для природы и дачи",Подходящее официальное руководство не найдено,,,
HC700,Фотоловушка для охраны дачи Филин HC700 (ah-li) с датчиком движения,Подходящее официальное руководство не найдено,,,https://cnsuntek.com/user-manual/
KG895,"Фотоловушка для охраны, охоты 4G ( KeepGuard KG 895) с поддержкой приложения на телефоне / Лесная камера / Фотоловушка для дачи",Подходящее официальное руководство не найдено,,,
HC910,Фотоловушка охранная LTE-Pro-4K HC-910 Filin с приложением,Подходящее официальное руководство не найдено,,,https://cnsuntek.com/user-manual/
BG410-M,Фотоловушка с модулем связи 4G BG410M Расширенная комплектация / Фото 37МП 4К видео + Солнечная панель + АКБ 2 ШТ + Карта Памяти,Документ для модели/серии найден; сверить ревизию,697e5b37812d.pdf,https://bolymedia.com/Public/upload/PDF/1.71.1BG410001(20240412).pdf,https://bolymedia.com/index/Support
