query,id,name,price_rub,price_label,url,checked,status
ESP32 CAM OV2640,1727032723,Модуль ESP32-CAM с камерой,1034,1 034 ₽,https://www.ozon.ru/product/modul-esp32-cam-s-kameroy-1727032723/,2026-10-07,search_tile_only_not_compatibility_verified
ESP32 CAM OV2640,1298311736,WiFi модуль ESP32-CAM с камерой 640*480,1004,1 004 ₽,https://www.ozon.ru/product/wifi-modul-esp32-cam-s-kameroy-640-480-1298311736/,2026-10-07,search_tile_only_not_compatibility_verified
ESP32 CAM OV2640,3153406465,R2ESP32-S3 WROOM N16R8 Макетная Плата CAM Модуль Камеры Wi-Fi Bluetooth Встроенный ESP32-S3-WROOM-1 Прочный С OV2640,702,702 ₽,https://www.ozon.ru/product/r2esp32-s3-wroom-n16r8-maketnaya-plata-cam-modul-kamery-wi-fi-bluetooth-vstroennyy-esp32-s3-wroom-3153406465/,2026-10-07,search_tile_only_not_compatibility_verified
ESP32 CAM OV2640,1829807342,Разработка ESP32-COM и бета-версия модуля wifi + Bluetooth (один модуль + камера OV2640 + посадочное место 8 м + антенна) оригинальные запчасти,854,854 ₽,https://www.ozon.ru/product/razrabotka-esp32-com-i-beta-versiya-modulya-wifi-bluetooth-odin-modul-kamera-ov2640-posadochnoe-1829807342/,2026-10-07,search_tile_only_not_compatibility_verified
ESP32 CAM OV2640,4605096307,"Плата разработки ESP32-S3 WROOM N16R8 с камерой ""OV2640 , Wi Fi, Bluetooth, USB OTG / DVP-интерфейс.",627,627 ₽,https://www.ozon.ru/product/plata-razrabotki-esp32-s3-wroom-n16r8-s-kameroy-ov2640-wi-fi-bluetooth-usb-otg-dvp-interfeys-4605096307/,2026-10-07,search_tile_only_not_compatibility_verified
ESP32 CAM OV2640,4488492590,Макетная плата ESP32CAM Модуль ESP32S WiFi с модулем OV2640,685,685 ₽,https://www.ozon.ru/product/maketnaya-plata-esp32cam-modul-esp32s-wifi-s-modulem-ov2640-4488492590/,2026-10-07,search_tile_only_not_compatibility_verified
ESP32 CAM OV2640,4956447082,Макетная Плата ESP32- Модуль - + Камера OV2640+База ESP32,859,859 ₽,https://www.ozon.ru/product/maketnaya-plata-esp32-modul-kamera-ov2640-baza-esp32-4956447082/,2026-10-07,search_tile_only_not_compatibility_verified
ESP32 CAM OV2640,4113498802,"Плата ESP32-CAM W-BT, ESP32-CAM-MB, Micro-USB-последовательный порт, CH-340G с модулем камеры OV2640 2MP.",741,741 ₽,https://www.ozon.ru/product/plata-esp32-cam-w-bt-esp32-cam-mb-micro-usb-posledovatelnyy-port-ch-340g-s-modulem-kamery-ov2640-2mp-4113498802/,2026-10-07,search_tile_only_not_compatibility_verified
ESP32 DevKit,2056333551,"ESP32 DEVKIT. Отладочная плата ESP32, CH340, TYPE-C. Совместима с Arduino IDE",526,526 ₽,https://www.ozon.ru/product/esp32-devkit-otladochnaya-plata-esp32-ch340-type-c-sovmestima-s-arduino-ide-2056333551/,2026-10-07,search_tile_only_not_compatibility_verified
ESP32 DevKit,1950436050,ESP32 CP2102 Type-C NODEMCU 30pin DEVKIT V1 WiFi + Bluetooth совместим для Arduino,533,533 ₽,https://www.ozon.ru/product/esp32-cp2102-type-c-nodemcu-30pin-devkit-v1-wifi-bluetooth-sovmestim-dlya-arduino-1950436050/,2026-10-07,search_tile_only_not_compatibility_verified
ESP32 DevKit,3563326638,"ESP32 DEVKIT. Отладочная плата ESP32, CH340, TYPE-C. Совместима с Arduino IDE",573,573 ₽,https://www.ozon.ru/product/esp32-devkit-otladochnaya-plata-esp32-ch340-type-c-sovmestima-s-arduino-ide-3563326638/,2026-10-07,search_tile_only_not_compatibility_verified
ESP32 DevKit,1682815739,"ESP32 NODEMCU 30pin DEVKIT V1 WiFi + Bluetooth CP2102 совместим для Arduino, Micro USB",729,729 ₽,https://www.ozon.ru/product/esp32-nodemcu-30pin-devkit-v1-wifi-bluetooth-cp2102-sovmestim-dlya-arduino-micro-usb-1682815739/,2026-10-07,search_tile_only_not_compatibility_verified
ESP32 DevKit,2137629094,ESP32 Wroom 32 arduino ide WiFi + Bluetooth 4.2 usb CH340c + плата расширения 30 pin.,887,887 ₽,https://www.ozon.ru/product/esp32-wroom-32-arduino-ide-wifi-bluetooth-4-2-usb-ch340c-plata-rasshireniya-30-pin-2137629094/,2026-10-07,search_tile_only_not_compatibility_verified
ESP32 DevKit,3563072099,"ESP32 NODEMCU 38pin DEVKIT V1 WiFi + Bluetooth CP2102 совместим для Arduino, Type-c USB",551,551 ₽,https://www.ozon.ru/product/esp32-nodemcu-38pin-devkit-v1-wifi-bluetooth-cp2102-sovmestim-dlya-arduino-type-c-usb-3563072099/,2026-10-07,search_tile_only_not_compatibility_verified
ESP32 DevKit,3548690353,"ESP32. Отладочная плата ESP32 Type-C CH340C, Wi-Fi + Bluetooth, USB-C, для Arduino / ESP-IDF / MicroPython",552,552 ₽,https://www.ozon.ru/product/esp32-otladochnaya-plata-esp32-type-c-ch340c-wi-fi-bluetooth-usb-c-dlya-arduino-esp-idf-micropython-3548690353/,2026-10-07,search_tile_only_not_compatibility_verified
ESP32 DevKit,2538715132,"Контроллер ESP32 DEVKIT V1 (30 pin, Type C) + плата расширения GPIO и питания",717,717 ₽,https://www.ozon.ru/product/kontroller-esp32-devkit-v1-30-pin-type-c-plata-rasshireniya-gpio-i-pitaniya-2538715132/,2026-10-07,search_tile_only_not_compatibility_verified
RFM95W 868,2797194641,Модуль беспроводного трансивера RFM95W 868Mhz LoRa модуль на SX1276,819,819 ₽,https://www.ozon.ru/product/modul-besprovodnogo-transivera-rfm95w-868mhz-lora-modul-na-sx1276-2797194641/,2026-10-07,search_tile_only_not_compatibility_verified
RFM95W 868,3820894281,Модуль беспроводного трaнсивера RFM95W 915Мhz LoRa модуль на SX1276 / Приёмопередатчик,1031,1 031 ₽,https://www.ozon.ru/product/modul-besprovodnogo-transivera-rfm95w-915mhz-lora-modul-na-sx1276-priemoperedatchik-3820894281/,2026-10-07,search_tile_only_not_compatibility_verified
RFM95W 868,1680164670,LoRa-модуль беспроводного трансивера RFM95W 915Mhz,911,911 ₽,https://www.ozon.ru/product/lora-modul-besprovodnogo-transivera-rfm95w-915mhz-1680164670/,2026-10-07,search_tile_only_not_compatibility_verified
RFM95W 868,5235822728,Радиомодуль LoRa RFM95W SX1276 915 МГц SPI (модуль беспроводного трансивера),1331,1 331 ₽,https://www.ozon.ru/product/radiomodul-lora-rfm95w-sx1276-915-mgts-spi-modul-besprovodnogo-transivera-5235822728/,2026-10-07,search_tile_only_not_compatibility_verified
RFM95W 868,2900615048,Модуль беспроводного трaнсивера RFM95W 915Мhz LoRa модуль на SX1276,835,835 ₽,https://www.ozon.ru/product/modul-besprovodnogo-transivera-rfm95w-915mhz-lora-modul-na-sx1276-2900615048/,2026-10-07,search_tile_only_not_compatibility_verified
RFM95W 868,1786144965,"Модуль RF HOPE RFM95W-868S2 трансивер FM FSK 868МГц -139дБм 1,8-3,7ВDC 20дБм 1 шт",857,857 ₽,https://www.ozon.ru/product/modul-rf-hope-rfm95w-868s2-transiver-fm-fsk-868mgts-139dbm-1-8-3-7vdc-20dbm-1-sht-1786144965/,2026-10-07,search_tile_only_not_compatibility_verified
RFM95W 868,1022508759,LoRa-модуль беспроводного трансивера RFM95W 915Mhz,985,985 ₽,https://www.ozon.ru/product/lora-modul-besprovodnogo-transivera-rfm95w-915mhz-1022508759/,2026-10-07,search_tile_only_not_compatibility_verified
SX1276 868,2993277641,Модуль беспроводного приемопередатчика Lora Module SX1276 (868 МГц),492,492 ₽,https://www.ozon.ru/product/modul-besprovodnogo-priemoperedatchika-lora-module-sx1276-868-mgts-2993277641/,2026-10-07,search_tile_only_not_compatibility_verified
SX1276 868,3185141755,Модуль Lora SX1276 Модуль беспроводного приемопередатчика Беспроводная связь дальнего действия с расширенным спектром (868 МГц),508,508 ₽,https://www.ozon.ru/product/modul-lora-sx1276-modul-besprovodnogo-priemoperedatchika-besprovodnaya-svyaz-dalnego-deystviya-s-3185141755/,2026-10-07,search_tile_only_not_compatibility_verified
SX1276 868,2345374398,Модуль DRF1278F LoRa 433МГц на базе SX1278 Трансивер,742,742 ₽,https://www.ozon.ru/product/modul-drf1278f-lora-433mgts-na-baze-sx1278-transiver-2345374398/,2026-10-07,search_tile_only_not_compatibility_verified
SX1276 868,4937124423,"Модуль ""LoRa SX1276"" 868MHz: беспроводной трансивер для дальней связи, низкое энергопотребление / высокая чувствительность.",496,496 ₽,https://www.ozon.ru/product/modul-lora-sx1276-868mhz-besprovodnoy-transiver-dlya-dalney-svyazi-nizkoe-energopotreblenie-4937124423/,2026-10-07,search_tile_only_not_compatibility_verified
SX1276 868,2797194641,Модуль беспроводного трансивера RFM95W 868Mhz LoRa модуль на SX1276,819,819 ₽,https://www.ozon.ru/product/modul-besprovodnogo-transivera-rfm95w-868mhz-lora-modul-na-sx1276-2797194641/,2026-10-07,search_tile_only_not_compatibility_verified
SX1276 868,2237234199,Модуль Lora SX1276 беспроводного приемопередатчика Беспроводная связь дальнего действия с расширенным спектром (868 МГц),536,536 ₽,https://www.ozon.ru/product/modul-lora-sx1276-besprovodnogo-priemoperedatchika-besprovodnaya-svyaz-dalnego-deystviya-s-2237234199/,2026-10-07,search_tile_only_not_compatibility_verified
SX1276 868,5694180510,Модуль Lora SX1276 868Mhz Беспроводной Модуль SX1276,444,444 ₽,https://www.ozon.ru/product/modul-lora-sx1276-868mhz-besprovodnoy-modul-sx1276-5694180510/,2026-10-07,search_tile_only_not_compatibility_verified
SX1276 868,3165908435,Модуль Lora SX1276 беспроводного приемопередатчика Беспроводная связь дальнего действия с расширенным спектром (868 МГц),492,492 ₽,https://www.ozon.ru/product/modul-lora-sx1276-besprovodnogo-priemoperedatchika-besprovodnaya-svyaz-dalnego-deystviya-s-3165908435/,2026-10-07,search_tile_only_not_compatibility_verified
OV2640 ночное видение,3153406465,R2ESP32-S3 WROOM N16R8 Макетная Плата CAM Модуль Камеры Wi-Fi Bluetooth Встроенный ESP32-S3-WROOM-1 Прочный С OV2640,702,702 ₽,https://www.ozon.ru/product/r2esp32-s3-wroom-n16r8-maketnaya-plata-cam-modul-kamery-wi-fi-bluetooth-vstroennyy-esp32-s3-wroom-3153406465/,2026-10-07,search_tile_only_not_compatibility_verified
OV2640 ночное видение,3258243157,OV2640 N/A Новый оригинал,514,514 ₽,https://www.ozon.ru/product/ov2640-n-a-novyy-original-3258243157/,2026-10-07,search_tile_only_not_compatibility_verified
OV2640 ночное видение,4605096307,"Плата разработки ESP32-S3 WROOM N16R8 с камерой ""OV2640 , Wi Fi, Bluetooth, USB OTG / DVP-интерфейс.",627,627 ₽,https://www.ozon.ru/product/plata-razrabotki-esp32-s3-wroom-n16r8-s-kameroy-ov2640-wi-fi-bluetooth-usb-otg-dvp-interfeys-4605096307/,2026-10-07,search_tile_only_not_compatibility_verified
OV2640 ночное видение,3831258139,"Модуль камеры OV2640, 200W пикселей, четкие изображения",671,671 ₽,https://www.ozon.ru/product/modul-kamery-ov2640-200w-pikseley-chetkie-izobrazheniya-3831258139/,2026-10-07,search_tile_only_not_compatibility_verified
OV2640 ночное видение,5333198099,Модуль камеры ABKQ-OV2640 для CAM 2MP 160-Градусный Объектив Ночного Видения MIPI 24PIN,409,409 ₽,https://www.ozon.ru/product/modul-kamery-abkq-ov2640-dlya-cam-2mp-160-gradusnyy-obektiv-nochnogo-videniya-mipi-24pin-5333198099/,2026-10-07,search_tile_only_not_compatibility_verified
OV2640 ночное видение,1829786966,ESP32-Бета-версия для разработки игр wifi + Bluetooth модуль (один модуль + камера OV2640) оригинальные запчасти,673,673 ₽,https://www.ozon.ru/product/esp32-beta-versiya-dlya-razrabotki-igr-wifi-bluetooth-modul-odin-modul-kamera-ov2640-1829786966/,2026-10-07,search_tile_only_not_compatibility_verified
OV2640 ночное видение,4910306019,"Модуль камеры ""ABKQ-OV2640"" для ESP32 CAM, 2 Мп, 160 обзор, ночное видение, интерфейсы MIPI/DVP, 24-контактный разъём.",448,448 ₽,https://www.ozon.ru/product/modul-kamery-abkq-ov2640-dlya-esp32-cam-2-mp-160-obzor-nochnoe-videnie-interfeysy-mipi-dvp-24-4910306019/,2026-10-07,search_tile_only_not_compatibility_verified
OV2640 ночное видение,5682183337,"Модуль разработки с WiFi, Bluetooth, камерой OV2640 и 32-битным CPU, - Версия CH340 MIC RO",255,255 ₽,https://www.ozon.ru/product/modul-razrabotki-s-wifi-bluetooth-kameroy-ov2640-i-32-bitnym-cpu-versiya-ch340-mic-ro-5682183337/,2026-10-07,search_tile_only_not_compatibility_verified
AM312 PIR,3270057786,ARDUINO MINI PIR-датчик движения / AM312 IR Sensor,165,165 ₽,https://www.ozon.ru/product/arduino-mini-pir-datchik-dvizheniya-am312-ir-sensor-3270057786/,2026-10-07,search_tile_only_not_compatibility_verified
AM312 PIR,1175913746,"Миниатюрный PIR ИК датчик, инфракрасный датчик движения AM312",455,455 ₽,https://www.ozon.ru/product/miniatyurnyy-pir-ik-datchik-infrakrasnyy-datchik-dvizheniya-am312-1175913746/,2026-10-07,search_tile_only_not_compatibility_verified
AM312 PIR,2050132805,"Мини ИК Пироэлектрический Инфракрасный датчик движения человека PIR Модуль автоматического детектора AM312 Датчик постоянного тока от 2,7 до 12 В АВТОМОБИЛЬНЫЙ 312",112,112 ₽,https://www.ozon.ru/product/mini-ik-piroelektricheskiy-infrakrasnyy-datchik-dvizheniya-cheloveka-pir-modul-2050132805/,2026-10-07,search_tile_only_not_compatibility_verified
AM312 PIR,292407490,ARDUINO MINI PIR-датчик движения / AM312 IR Sensor,497,497 ₽,https://www.ozon.ru/product/arduino-mini-pir-datchik-dvizheniya-am312-ir-sensor-292407490/,2026-10-07,search_tile_only_not_compatibility_verified
AM312 PIR,4088785358,"Мини ИК Пироэлектрический Инфракрасный датчик движения человека PIR Модуль автоматического детектора AM312 Датчик постоянного тока от 2,7 до 12 В АВТОМОБИЛЬНЫЙ 312",109,109 ₽,https://www.ozon.ru/product/mini-ik-piroelektricheskiy-infrakrasnyy-datchik-dvizheniya-cheloveka-pir-modul-4088785358/,2026-10-07,search_tile_only_not_compatibility_verified
AM312 PIR,2998046730,10 шт. AM312 Мини-модуль датчика присутствия человека ИК-пироэлектрический инфракрасный датчик,421,421 ₽,https://www.ozon.ru/product/10-sht-am312-mini-modul-datchika-prisutstviya-cheloveka-ik-piroelektricheskiy-infrakrasnyy-datchik-2998046730/,2026-10-07,search_tile_only_not_compatibility_verified
AM312 PIR,4235130307,"10 шт AM312 мини модуль датчика человека ИК пироэлектрический инфракрасный PIR датчик движения модули детектора постоянного тока 2,7 В до 12",410,410 ₽,https://www.ozon.ru/product/10-sht-am312-mini-modul-datchika-cheloveka-ik-piroelektricheskiy-infrakrasnyy-pir-datchik-4235130307/,2026-10-07,search_tile_only_not_compatibility_verified
AM312 PIR,5936581090,"10 шт AM312 мини модуль датчика человека ИК пироэлектрический инфракрасный PIR датчик движения модули детектора постоянного тока 2,7 В до 12",553,553 ₽,https://www.ozon.ru/product/10-sht-am312-mini-modul-datchika-cheloveka-ik-piroelektricheskiy-infrakrasnyy-pir-datchik-5936581090/,2026-10-07,search_tile_only_not_compatibility_verified
ИК подсветка 850 5В,3330994215,"Светодиод инфракрасный ИК 1Вт 850нм, для камер видеонаблюдения",256,256 ₽,https://www.ozon.ru/product/svetodiod-infrakrasnyy-ik-1vt-850nm-dlya-kamer-videonablyudeniya-3330994215/,2026-10-07,search_tile_only_not_compatibility_verified
ИК подсветка 850 5В,5899958714,"Бинокль ночного видения ПНВ цифровой Night Vision с записью видео 1080P, ИК-подсветкой 850 нм, зумом 5, дальность наблюдения до 300 м",10195,10 195 ₽,https://www.ozon.ru/product/binokl-nochnogo-videniya-pnv-tsifrovoy-night-vision-s-zapisyu-video-1080p-ik-podsvetkoy-850-nm-zumom-5899958714/,2026-10-07,search_tile_only_not_compatibility_verified
ИК подсветка 850 5В,2998104993,"Модуль ИК-подсветки 24 светодиода 850нм для камер видеонаблюдения, дальность 20-30м, питание 12В",237,237 ₽,https://www.ozon.ru/product/modul-ik-podsvetki-24-svetodioda-850nm-dlya-kamer-videonablyudeniya-dalnost-20-30m-pitanie-12v-2998104993/,2026-10-07,search_tile_only_not_compatibility_verified
ИК подсветка 850 5В,3319593891,"Светодиод инфракрасный ИК 3W 850нм, 2 чипа, для камер видеонаблюдения",256,256 ₽,https://www.ozon.ru/product/svetodiod-infrakrasnyy-ik-3w-850nm-2-chipa-dlya-kamer-videonablyudeniya-3319593891/,2026-10-07,search_tile_only_not_compatibility_verified
ИК подсветка 850 5В,4884009751,"Инфракрасные диоды 850 нм 10 мм с одним чипом, набор из 20 штук для ик камер",234,234 ₽,https://www.ozon.ru/product/infrakrasnye-diody-850-nm-10-mm-s-odnim-chipom-nabor-iz-20-shtuk-dlya-ik-kamer-4884009751/,2026-10-07,search_tile_only_not_compatibility_verified
ИК подсветка 850 5В,1920713485,"Светодиод 3535 XPE 3W инфракрасный 850 нм, припаян на алюминиевой подложке 16 мм, для ИК подсветки камер",251,251 ₽,https://www.ozon.ru/product/svetodiod-3535-xpe-3w-infrakrasnyy-850-nm-pripayan-na-alyuminievoy-podlozhke-16-mm-dlya-ik-1920713485/,2026-10-07,search_tile_only_not_compatibility_verified
ИК подсветка 850 5В,3094929010,Модуль ИК подсветки для камеры видеонаблюдения 850 нм с 3 светодиодами для ночного видения,320,320 ₽,https://www.ozon.ru/product/modul-ik-podsvetki-dlya-kamery-videonablyudeniya-850-nm-s-3-svetodiodami-dlya-nochnogo-videniya-3094929010/,2026-10-07,search_tile_only_not_compatibility_verified
ИК подсветка 850 5В,2028338884,2 шт. инфракрасный светодиодный светильник 5 Вт 850 для модуля платы камеры ночного видения,248,248 ₽,https://www.ozon.ru/product/2-sht-infrakrasnyy-svetodiodnyy-svetilnik-5-vt-850-dlya-modulya-platy-kamery-nochnogo-videniya-2028338884/,2026-10-07,search_tile_only_not_compatibility_verified
AO3401 2N3904,3334701557,Транзистор 2n3904 (n-p-n) корпус TO-92,80,80 ₽,https://www.ozon.ru/product/tranzistor-2n3904-n-p-n-korpus-to-92-3334701557/,2026-10-07,search_tile_only_not_compatibility_verified
AO3401 2N3904,3334284862,Транзистор 2n3904 (n-p-n) корпус TO-92,81,81 ₽,https://www.ozon.ru/product/tranzistor-2n3904-n-p-n-korpus-to-92-3334284862/,2026-10-07,search_tile_only_not_compatibility_verified
AO3401 2N3904,1085870359,"1шт Транзистор 2N3904 (n-p-n) H331 (2N3904 H 331), NPN. Заводское качество, тест-100%",95,95 ₽,https://www.ozon.ru/product/1sht-tranzistor-2n3904-n-p-n-h331-2n3904-h-331-npn-zavodskoe-kachestvo-test-100-1085870359/,2026-10-07,search_tile_only_not_compatibility_verified
AO3401 2N3904,816483272,2N3904 H 331 транзистор (5 шт.) TO-92 2N4401 схема MPS2222AG характеристики ТО-92 цоколевка datasheet,540,540 ₽,https://www.ozon.ru/product/2n3904-h-331-tranzistor-5-sht-to-92-2n4401-shema-mps2222ag-harakteristiki-to-92-tsokolevka-datasheet-816483272/,2026-10-07,search_tile_only_not_compatibility_verified
аккумулятор 18650 защищенный,5707428298,"Panasonic Аккумулятор 18650 Li-ion 3.7V 4.2V 3400 mAh выпуклый электрод для мощного фонаря, электронного транспорта, вейпа, фонарь на голове,DIY проектов-2 шт",791,791 ₽,https://www.ozon.ru/product/panasonic-akkumulyator-18650-li-ion-3-7v-4-2v-3400-mah-vypuklyy-elektrod-dlya-moshchnogo-fonarya-5707428298/,2026-10-07,search_tile_only_not_compatibility_verified
аккумулятор 18650 защищенный,3098719791,"Аккумулятор 18650 Li-ion 3.7V 7400 mWh для мощного фонаря, электронного транспорта, вейпа, фонарь на голове,DIY проектов",510,510 ₽,https://www.ozon.ru/product/akkumulyator-18650-li-ion-3-7v-7400-mwh-dlya-moshchnogo-fonarya-elektronnogo-transporta-veypa-fonar-3098719791/,2026-10-07,search_tile_only_not_compatibility_verified
аккумулятор 18650 защищенный,630286903,Аккумулятор 18650 с защитой NCR18650B 3400 мАч 3.7 В с выпуклым плюсом / для Panasonic / 1 шт,358,358 ₽,https://www.ozon.ru/product/akkumulyator-18650-s-zashchitoy-ncr18650b-3400-mach-3-7-v-s-vypuklym-plyusom-dlya-panasonic-1-sht-630286903/,2026-10-07,search_tile_only_not_compatibility_verified
аккумулятор 18650 защищенный,3060107856,"Аккумулятор 18650 2000мАч, 3C, 3.7В, выпуклый плюс, с защитой",223,223 ₽,https://www.ozon.ru/product/akkumulyator-18650-2000mach-3c-3-7v-vypuklyy-plyus-s-zashchitoy-3060107856/,2026-10-07,search_tile_only_not_compatibility_verified
аккумулятор 18650 защищенный,5380744443,"Аккумуляторная батарейка 18650 4 шт, Аккумулятор 18650",585,585 ₽,https://www.ozon.ru/product/akkumulyatornaya-batareyka-18650-4-sht-akkumulyator-18650-5380744443/,2026-10-07,search_tile_only_not_compatibility_verified
аккумулятор 18650 защищенный,4835076117,"Аккумулятор 18650 3400 мАч, для Samsung SDI 35E (1 шт), Li-Ion 3.6В, высокоемкий",519,519 ₽,https://www.ozon.ru/product/akkumulyator-18650-3400-mach-dlya-samsung-sdi-35e-1-sht-li-ion-3-6v-vysokoemkiy-4835076117/,2026-10-07,search_tile_only_not_compatibility_verified
аккумулятор 18650 защищенный,827101930,Аккумулятор 18650 с защитой NCR18650B 3400 мАч 3.7 В с выпуклым плюсом / для Panasonic / 2 шт,582,582 ₽,https://www.ozon.ru/product/akkumulyator-18650-s-zashchitoy-ncr18650b-3400-mach-3-7-v-s-vypuklym-plyusom-dlya-panasonic-2-sht-827101930/,2026-10-07,search_tile_only_not_compatibility_verified
аккумулятор 18650 защищенный,3098719820,"Аккумулятор 18650 Li-ion 3.7V 7400 mWh для мощного фонаря, электронного транспорта, вейпа, фонарь на голове,DIY проектов",694,694 ₽,https://www.ozon.ru/product/akkumulyator-18650-li-ion-3-7v-7400-mwh-dlya-moshchnogo-fonarya-elektronnogo-transporta-veypa-fonar-3098719820/,2026-10-07,search_tile_only_not_compatibility_verified
повышающий преобразователь 5В,924419885,Повышающий преобразователь DC-DC 5/8/9/12В Arduino / Ардуино,112,112 ₽,https://www.ozon.ru/product/povyshayushchiy-preobrazovatel-dc-dc-5-8-9-12v-arduino-arduino-924419885/,2026-10-07,search_tile_only_not_compatibility_verified
повышающий преобразователь 5В,1148481024,"Повышающий преобразователь напряжения, Uвх 2-24V, Uвых 5-35V, max 2A DC-DC регулируемый MT3608 3 шт",226,226 ₽,https://www.ozon.ru/product/povyshayushchiy-preobrazovatel-napryazheniya-uvh-2-24v-uvyh-5-35v-max-2a-dc-dc-reguliruemyy-mt3608-1148481024/,2026-10-07,search_tile_only_not_compatibility_verified
повышающий преобразователь 5В,1540351444,"Преобразователь повышающий DC-DC XL6009, регулируемый U вх. 3-32V, U вых. 5-40V, max 4A",134,134 ₽,https://www.ozon.ru/product/preobrazovatel-povyshayushchiy-dc-dc-xl6009-reguliruemyy-u-vh-3-32v-u-vyh-5-40v-max-4a-1540351444/,2026-10-07,search_tile_only_not_compatibility_verified
повышающий преобразователь 5В,1480171432,2шт. MT3608 2А Type-C Повышающий преобразователь напряжения DC-DC (вход 2-24В выход 5-28В) (Синий) (2 штуки),207,207 ₽,https://www.ozon.ru/product/2sht-mt3608-2a-type-c-povyshayushchiy-preobrazovatel-napryazheniya-dc-dc-vhod-2-24v-vyhod-5-1480171432/,2026-10-07,search_tile_only_not_compatibility_verified
повышающий преобразователь 5В,636119585,"MT3608 модуль регулируемого повышающего преобразователя постоянного тока (DC-DC, 2-24В, 5-28В, 2А)",96,96 ₽,https://www.ozon.ru/product/mt3608-modul-reguliruemogo-povyshayushchego-preobrazovatelya-postoyannogo-toka-dc-dc-2-24v-5-28v-2a-636119585/,2026-10-07,search_tile_only_not_compatibility_verified
повышающий преобразователь 5В,1568129698,Повышающий DC-DC преобразователь MT3608,104,104 ₽,https://www.ozon.ru/product/povyshayushchiy-dc-dc-preobrazovatel-mt3608-1568129698/,2026-10-07,search_tile_only_not_compatibility_verified
повышающий преобразователь 5В,4288300032,"5шт. Повышающий DC-DC преобразователь из 3,7В в 5В, 8В, 9В, 12В / Модуль мини",256,256 ₽,https://www.ozon.ru/product/5sht-povyshayushchiy-dc-dc-preobrazovatel-iz-3-7v-v-5v-8v-9v-12v-modul-mini-4288300032/,2026-10-07,search_tile_only_not_compatibility_verified
повышающий преобразователь 5В,4833752537,Повышающий DC-DC преобразователь из 3.7В в 5В/8В/9В/12В 5 шт,200,200 ₽,https://www.ozon.ru/product/povyshayushchiy-dc-dc-preobrazovatel-iz-3-7v-v-5v-8v-9v-12v-5-sht-4833752537/,2026-10-07,search_tile_only_not_compatibility_verified
распределительная коробка IP65 150,3260072910,"Коробка распределительная для проводов 150х110х70мм, 11 вводов, IP67, черная, 1шт",215,215 ₽,https://www.ozon.ru/product/korobka-raspredelitelnaya-dlya-provodov-150h110h70mm-11-vvodov-ip67-chernaya-1sht-3260072910/,2026-10-07,search_tile_only_not_compatibility_verified
распределительная коробка IP65 150,2106166027,"Коробка распределительная 70 70 40 мм, 7 вводов, HF, УФ-стойкая, УХЛ1, IP55/IP65, черная, Ruvinil Тусо.67030Ч",161,161 ₽,https://www.ozon.ru/product/korobka-raspredelitelnaya-70-70-40-mm-7-vvodov-hf-uf-stoykaya-uhl1-ip55-ip65-chernaya-ruvinil-2106166027/,2026-10-07,search_tile_only_not_compatibility_verified
распределительная коробка IP65 150,3259533549,"Коробка распределительная для проводов 150х110х70мм, 11 вводов, IP67, белая, 1шт",215,215 ₽,https://www.ozon.ru/product/korobka-raspredelitelnaya-dlya-provodov-150h110h70mm-11-vvodov-ip67-belaya-1sht-3259533549/,2026-10-07,search_tile_only_not_compatibility_verified
распределительная коробка IP65 150,3198438813,"Коробка распределительная ОП 70х70х40мм, 7 вводов, IP55/IP65, белая, Ruvinil Тусо.67030Б",126,126 ₽,https://www.ozon.ru/product/korobka-raspredelitelnaya-op-70h70h40mm-7-vvodov-ip55-ip65-belaya-ruvinil-tuso-67030b-3198438813/,2026-10-07,search_tile_only_not_compatibility_verified
распределительная коробка IP65 150,2246737565,Пластиковая водонепроницаемая распределительная коробка DS-AG 200х150х130 мм IP66,1211,1 211 ₽,https://www.ozon.ru/product/plastikovaya-vodonepronitsaemaya-raspredelitelnaya-korobka-ds-ag-200h150h130-mm-ip66-2246737565/,2026-10-07,search_tile_only_not_compatibility_verified
распределительная коробка IP65 150,1849949737,"Коробка распределительная ОП 70х70х40мм, 7 вводов, IP55/IP65, цвет: серая, Ruvinil Тусо.67030",128,128 ₽,https://www.ozon.ru/product/korobka-raspredelitelnaya-op-70h70h40mm-7-vvodov-ip55-ip65-tsvet-seraya-ruvinil-tuso-67030-1849949737/,2026-10-07,search_tile_only_not_compatibility_verified
распределительная коробка IP65 150,2246736506,Пластиковая водонепроницаемая распределительная коробка DS-AG 250х150х100 мм IP66,1210,1 210 ₽,https://www.ozon.ru/product/plastikovaya-vodonepronitsaemaya-raspredelitelnaya-korobka-ds-ag-250h150h100-mm-ip66-2246736506/,2026-10-07,search_tile_only_not_compatibility_verified
распределительная коробка IP65 150,1849949543,Коробка распределительная OBO 150х116х67мм IP66 T100 10хM25 светло серая,549,549 ₽,https://www.ozon.ru/product/korobka-raspredelitelnaya-obo-150h116h67mm-ip66-t100-10hm25-svetlo-seraya-1849949543/,2026-10-07,search_tile_only_not_compatibility_verified
антенна 868 SMA,5123850623,"Антенна 868 - 928 МГц С пигтейлом LoRa32, 5 dBi RP, SMA-male",596,596 ₽,https://www.ozon.ru/product/antenna-868-928-mgts-s-pigteylom-lora32-5-dbi-rp-sma-male-5123850623/,2026-10-07,search_tile_only_not_compatibility_verified
антенна 868 SMA,1818219492,Антенна AntennaHome H50 Rubber SMA-J 868/915 МГц 900/1800 МГц (AH1G.102) 1.5 dBi,513,513 ₽,https://www.ozon.ru/product/antenna-antennahome-h50-rubber-sma-j-868-915-mgts-900-1800-mgts-ah1g-102-1-5-dbi-1818219492/,2026-10-07,search_tile_only_not_compatibility_verified
антенна 868 SMA,1617675974,Антенна 868 МГц круговая BS-868-5 на 5 дБ,756,756 ₽,https://www.ozon.ru/product/antenna-868-mgts-krugovaya-bs-868-5-na-5-db-1617675974/,2026-10-07,search_tile_only_not_compatibility_verified
антенна 868 SMA,2774863756,"Антенна MOXON 868 мгц для Meshtastic , НСУ, систем радиоуправления ELRS, пультов и выносов",1024,1 024 ₽,https://www.ozon.ru/product/antenna-moxon-868-mgts-dlya-meshtastic-nsu-sistem-radioupravleniya-elrs-pultov-i-vynosov-2774863756/,2026-10-07,search_tile_only_not_compatibility_verified
антенна 868 SMA,5082363946,"Антенна 868 - 928 МГц Meshtastic LoRa32, 5 dBi RP, SMA-male",577,577 ₽,https://www.ozon.ru/product/antenna-868-928-mgts-meshtastic-lora32-5-dbi-rp-sma-male-5082363946/,2026-10-07,search_tile_only_not_compatibility_verified
антенна 868 SMA,2848133338,"Антенна 868 МГц круговая ,1 дБ (2шт. в комплекте)",480,480 ₽,https://www.ozon.ru/product/antenna-868-mgts-krugovaya-1-db-2sht-v-komplekte-2848133338/,2026-10-07,search_tile_only_not_compatibility_verified
антенна 868 SMA,3532929176,"Антенна 868 МГц ,1 дБ (1шт.)",261,261 ₽,https://www.ozon.ru/product/antenna-868-mgts-1-db-1sht-3532929176/,2026-10-07,search_tile_only_not_compatibility_verified
антенна 868 SMA,2127930641,Антенна 3dBi 868МГц 3 дБи CDEBYTE TX868-JKD-20,605,605 ₽,https://www.ozon.ru/product/antenna-3dbi-868mgts-3-dbi-cdebyte-tx868-jkd-20-2127930641/,2026-10-07,search_tile_only_not_compatibility_verified
TP4056 защита,4817258115,Модуль зарядки TP4056 с защитой 1 шт.,106,106 ₽,https://www.ozon.ru/product/modul-zaryadki-tp4056-s-zashchitoy-1-sht-4817258115/,2026-10-07,search_tile_only_not_compatibility_verified
TP4056 защита,621665762,"Плата зарядки TP4056 USB Type-C с защитой, модуль зарядного устройства li-ion аккумуляторов 18650",71,71 ₽,https://www.ozon.ru/product/plata-zaryadki-tp4056-usb-type-c-s-zashchitoy-modul-zaryadnogo-ustroystva-li-ion-621665762/,2026-10-07,search_tile_only_not_compatibility_verified
TP4056 защита,1551198462,Зарядная плата TP4056 USB Type-C с защитой 1 шт.,69,69 ₽,https://www.ozon.ru/product/zaryadnaya-plata-tp4056-usb-type-c-s-zashchitoy-1-sht-1551198462/,2026-10-07,search_tile_only_not_compatibility_verified
TP4056 защита,1422365149,5 шт! Модуль заряда TP4056 Type-C с защитой/Контроллер заряда с защитой 5V 1A-5шт.,202,202 ₽,https://www.ozon.ru/product/5-sht-modul-zaryada-tp4056-type-c-s-zashchitoy-kontroller-zaryada-s-zashchitoy-5v-1a-5sht-1422365149/,2026-10-07,search_tile_only_not_compatibility_verified
TP4056 защита,1570731248,Модуль зарядки литиевой батареи TP4056 1A TYPE-C 2 шт,127,127 ₽,https://www.ozon.ru/product/modul-zaryadki-litievoy-batarei-tp4056-1a-type-c-2-sht-1570731248/,2026-10-07,search_tile_only_not_compatibility_verified
TP4056 защита,4840216475,"10 шт. Модуль зарядки TP4056 Type-C с защитой, контроллер заряда 5V 1A",243,243 ₽,https://www.ozon.ru/product/10-sht-modul-zaryadki-tp4056-type-c-s-zashchitoy-kontroller-zaryada-5v-1a-4840216475/,2026-10-07,search_tile_only_not_compatibility_verified
TP4056 защита,623144039,"Модуль заряда Li-ion аккумуляторов TP4056 (с защитой), гнездо Micro USB 5В 1А, Интеграционная Плата Контроллер зарядки литиевых батарей 5V 1A",51,51 ₽,https://www.ozon.ru/product/modul-zaryada-li-ion-akkumulyatorov-tp4056-s-zashchitoy-gnezdo-micro-usb-5v-1a-623144039/,2026-10-07,search_tile_only_not_compatibility_verified
TP4056 защита,623144314,"Модуль заряда Li-ion аккумуляторов TP4056 (с защитой), гнездо Micro USB 5В 1А, плата зарядки литиевых батарей (3 шт.)",92,92 ₽,https://www.ozon.ru/product/modul-zaryada-li-ion-akkumulyatorov-tp4056-s-zashchitoy-gnezdo-micro-usb-5v-1a-plata-zaryadki-623144314/,2026-10-07,search_tile_only_not_compatibility_verified
солнечная панель 6В 5Вт,3552123107,300 Вт Портативная солнечная панель,22755,22 755 ₽,https://www.ozon.ru/product/portativnaya-solnechnaya-panel-300-vt-3552123107/,2026-10-07,search_tile_only_not_compatibility_verified
солнечная панель 6В 5Вт,3820697283,Солнечная батарея портативная складная панель Flashfish 60Вт 18В,7336,7 336 ₽,https://www.ozon.ru/product/solnechnaya-batareya-portativnaya-skladnaya-panel-flashfish-60vt-18v-3820697283/,2026-10-07,search_tile_only_not_compatibility_verified
солнечная панель 6В 5Вт,757522408,"Солнечная панель 1 Вт 6 В, 110х60 мм, 5 шт",948,948 ₽,https://www.ozon.ru/product/solnechnaya-panel-1-vt-6-v-110h60-mm-5-sht-757522408/,2026-10-07,search_tile_only_not_compatibility_verified
солнечная панель 6В 5Вт,5469020834,Солнечная батарея портативная складная панель Flashfish 60Вт 18В,6611,6 611 ₽,https://www.ozon.ru/product/solnechnaya-batareya-portativnaya-skladnaya-panel-flashfish-60vt-18v-5469020834/,2026-10-07,search_tile_only_not_compatibility_verified
солнечная панель 6В 5Вт,2260028642,"Солнечная панель портативная Allpowers Allpowers 100 Вт, c USB-портом, солнечная батарея для дома, для дачи",17155,17 155 ₽,https://www.ozon.ru/product/solnechnaya-panel-portativnaya-allpowers-allpowers-100-vt-c-usb-portom-solnechnaya-batareya-2260028642/,2026-10-07,search_tile_only_not_compatibility_verified
солнечная панель 6В 5Вт,5894502903,Солнечная панель AFERIY S400A1 портативная складная 400Вт,79224,79 224 ₽,https://www.ozon.ru/product/solnechnaya-panel-aferiy-s400a1-portativnaya-skladnaya-400vt-5894502903/,2026-10-07,search_tile_only_not_compatibility_verified
солнечная панель 6В 5Вт,5783212948,"Солнечная панель 6 Вт для видеокамер и уличных фонарей, USB-C, 5 В, 1200 мА",685,685 ₽,https://www.ozon.ru/product/solnechnaya-panel-6-vt-dlya-videokamer-i-ulichnyh-fonarey-usb-c-5-v-1200-ma-5783212948/,2026-10-07,search_tile_only_not_compatibility_verified
солнечная панель 6В 5Вт,5760755178,"Портативная солнечная панель 5 В 6 Вт с USB, безопасная зарядка для стабилизатора, зарядное устройство для акку",289,289 ₽,https://www.ozon.ru/product/portativnaya-solnechnaya-panel-5-v-6-vt-s-usb-bezopasnaya-zaryadka-dlya-stabilizatora-5760755178/,2026-10-07,search_tile_only_not_compatibility_verified
CN3065,1768211332,"Модуль зарядки Li-ion аккумулятора от солнечной панели Uвх-4.4-6 В, Uвых-4.2 В, Iзар-0.5 (CN3065)",317,317 ₽,https://www.ozon.ru/product/modul-zaryadki-li-ion-akkumulyatora-ot-solnechnoy-paneli-uvh-4-4-6-v-uvyh-4-2-v-izar-0-5-cn3065-1768211332/,2026-10-07,search_tile_only_not_compatibility_verified
CN3065,5143595749,"Солнечная зарядная плата CN3065, мини, для LiPo аккумуляторовМини-модуль солнечного зарядного устройства на CN3065 для литиевых аккумуляторов (Li-ion/LiPo)",104,104 ₽,https://www.ozon.ru/product/solnechnaya-zaryadnaya-plata-cn3065-mini-dlya-lipo-akkumulyatorovmini-modul-solnechnogo-5143595749/,2026-10-07,search_tile_only_not_compatibility_verified
CN3065,2840294741,Мини-солнечная плата зарядного устройства Lipo CN3065 Модуль платы литиевой батареи,125,125 ₽,https://www.ozon.ru/product/mini-solnechnaya-plata-zaryadnogo-ustroystva-lipo-cn3065-modul-platy-litievoy-batarei-2840294741/,2026-10-07,search_tile_only_not_compatibility_verified
CN3065,4567994515,Мини-солнечная плата зарядного устройства Lipo CN3065 Модуль платы литиевой батареи,103,103 ₽,https://www.ozon.ru/product/mini-solnechnaya-plata-zaryadnogo-ustroystva-lipo-cn3065-modul-platy-litievoy-batarei-4567994515/,2026-10-07,search_tile_only_not_compatibility_verified
CN3065,3097358573,5X Мини-солнечная плата зарядного устройства Lipo CN3065 Модуль платы литиевой батареи,302,302 ₽,https://www.ozon.ru/product/5x-mini-solnechnaya-plata-zaryadnogo-ustroystva-lipo-cn3065-modul-platy-litievoy-batarei-3097358573/,2026-10-07,search_tile_only_not_compatibility_verified
CN3065,3892405231,"Модуль зарядки Li-ion аккумулятора от солнечной панели Uвх-4.4-6 В, Uвых-4.2 В, Iзар-0.5 (CN3065) - 3шт",564,564 ₽,https://www.ozon.ru/product/modul-zaryadki-li-ion-akkumulyatora-ot-solnechnoy-paneli-uvh-4-4-6-v-uvyh-4-2-v-izar-0-5-cn3065-3sht-3892405231/,2026-10-07,search_tile_only_not_compatibility_verified
CN3065,3892438630,"Модуль зарядки Li-ion аккумулятора от солнечной панели Uвх-4.4-6 В, Uвых-4.2 В, Iзар-0.5 (CN3065) - 10шт",1165,1 165 ₽,https://www.ozon.ru/product/modul-zaryadki-li-ion-akkumulyatora-ot-solnechnoy-paneli-uvh-4-4-6-v-uvyh-4-2-v-izar-0-5-3892438630/,2026-10-07,search_tile_only_not_compatibility_verified
CN3065,2707402291,Мини-солнечная плата зарядного устройства Lipo CN3065 Модуль платы зарядного устройства литиевой батареи,134,134 ₽,https://www.ozon.ru/product/mini-solnechnaya-plata-zaryadnogo-ustroystva-lipo-cn3065-modul-platy-zaryadnogo-ustroystva-2707402291/,2026-10-07,search_tile_only_not_compatibility_verified
DS3231,2555138837,DS3231 - Модуль часов реального времени для Arduino (без батарейки),274,274 ₽,https://www.ozon.ru/product/ds3231-modul-chasov-realnogo-vremeni-dlya-arduino-bez-batareyki-2555138837/,2026-10-07,search_tile_only_not_compatibility_verified
DS3231,1401711129,DS3231 RTC модуль часов реального времени (I2C),258,258 ₽,https://www.ozon.ru/product/ds3231-rtc-modul-chasov-realnogo-vremeni-i2c-1401711129/,2026-10-07,search_tile_only_not_compatibility_verified
DS3231,3204497417,Модуль часов реального времени RTC DS3231 для Raspberry Pi,298,298 ₽,https://www.ozon.ru/product/modul-chasov-realnogo-vremeni-rtc-ds3231-dlya-raspberry-pi-3204497417/,2026-10-07,search_tile_only_not_compatibility_verified
DS3231,1290379207,Модуль часов DS3231 (SN),485,485 ₽,https://www.ozon.ru/product/modul-chasov-ds3231-sn-1290379207/,2026-10-07,search_tile_only_not_compatibility_verified
DS3231,400748789,DS3231 модуль часов RTC с батарейкой,374,374 ₽,https://www.ozon.ru/product/ds3231-modul-chasov-rtc-s-batareykoy-400748789/,2026-10-07,search_tile_only_not_compatibility_verified
DS3231,3416596318,"Модуль часов DS3231 mini 5в и 3,3в",428,428 ₽,https://www.ozon.ru/product/modul-chasov-ds3231-mini-5v-i-3-3v-3416596318/,2026-10-07,search_tile_only_not_compatibility_verified
DS3231,2809952733,DS3231 RTC модуль часов реального времени (I2C),432,432 ₽,https://www.ozon.ru/product/ds3231-rtc-modul-chasov-realnogo-vremeni-i2c-2809952733/,2026-10-07,search_tile_only_not_compatibility_verified
DS3231,414812655,"Модуль часов реального времени DS3231, 3.3V 5V с аккумулятором",357,357 ₽,https://www.ozon.ru/product/modul-chasov-realnogo-vremeni-ds3231-3-3v-5v-s-akkumulyatorom-414812655/,2026-10-07,search_tile_only_not_compatibility_verified
гермоввод PG7,1848678618,"Кабельный ввод PG7, гермоввод, сальник для кабеля IP68, (3-6.5 мм), 5 шт",95,95 ₽,https://www.ozon.ru/product/kabelnyy-vvod-pg7-germovvod-salnik-dlya-kabelya-ip68-3-6-5-mm-5-sht-1848678618/,2026-10-07,search_tile_only_not_compatibility_verified
гермоввод PG7,3429380582,"Кабельный ввод сальник PG7 для проводов ЭРА NO-224-229 гермоввод, отверстие 13 мм, провод 3-6.5 мм, IP54, 20 штук",169,169 ₽,https://www.ozon.ru/product/kabelnyy-vvod-salnik-pg7-dlya-provodov-era-no-224-229-germovvod-otverstie-13-mm-provod-3-6-5-mm-ip54-3429380582/,2026-10-07,search_tile_only_not_compatibility_verified
гермоввод PG7,882752615,"Кабельный ввод (сальник) DORI PG7 (2,5-7 мм, IP54) 20шт.",163,163 ₽,https://www.ozon.ru/product/kabelnyy-vvod-salnik-dori-pg7-2-5-7-mm-ip54-20sht-882752615/,2026-10-07,search_tile_only_not_compatibility_verified
гермоввод PG7,2027677052,"Сальник PG-7 диаметр кабеля 3-6,5 мм IP68 (Fortisflex) 5шт/упаковка",73,73 ₽,https://www.ozon.ru/product/salnik-pg-7-diametr-kabelya-3-6-5-mm-ip68-fortisflex-5sht-upakovka-2027677052/,2026-10-07,search_tile_only_not_compatibility_verified
гермоввод PG7,2639861420,"Кабельный ввод (сальник) черный DORI PG7 (2,5-7 мм, IP68) 20 шт.",226,226 ₽,https://www.ozon.ru/product/kabelnyy-vvod-salnik-chernyy-dori-pg7-2-5-7-mm-ip68-20-sht-2639861420/,2026-10-07,search_tile_only_not_compatibility_verified
гермоввод PG7,2944360995,"Кабельный ввод (сальник) PG7 (2,5-7мм, IP54), 4 шт.",101,101 ₽,https://www.ozon.ru/product/kabelnyy-vvod-salnik-pg7-2-5-7mm-ip54-4-sht-2944360995/,2026-10-07,search_tile_only_not_compatibility_verified
гермоввод PG7,3429434581,"Кабельный ввод сальник PG13.5 для проводов ЭРА NO-224-232 гермоввод, отверстие 21 мм, провод 6-12 мм, IP54, 20 штук",311,311 ₽,https://www.ozon.ru/product/kabelnyy-vvod-salnik-pg13-5-dlya-provodov-era-no-224-232-germovvod-otverstie-21-mm-provod-6-12-3429434581/,2026-10-07,search_tile_only_not_compatibility_verified
гермоввод PG7,2314645691,"Кабельный ввод герметичный PG7, 10шт.",119,119 ₽,https://www.ozon.ru/product/kabelnyy-vvod-germetichnyy-pg7-10sht-2314645691/,2026-10-07,search_tile_only_not_compatibility_verified
конденсатор 470 мкФ 16В,3298289075,"470мкФ 16В, Конденсатор электролитический, Aishi, серия RS, (470uF 16V), -40...105, 8x12мм, 5 шт.",93,93 ₽,https://www.ozon.ru/product/470mkf-16v-kondensator-elektroliticheskiy-aishi-seriya-rs-470uf-16v-40-105-8x12mm-5-sht-3298289075/,2026-10-07,search_tile_only_not_compatibility_verified
конденсатор 470 мкФ 16В,3295775087,"Конденсатор 470мкФ 16В 10шт электролитический, 8x12мм, (470uF 16V), -40...105, JWCO",125,125 ₽,https://www.ozon.ru/product/kondensator-470mkf-16v-10sht-elektroliticheskiy-8x12mm-470uf-16v-40-105-jwco-3295775087/,2026-10-07,search_tile_only_not_compatibility_verified
конденсатор 470 мкФ 16В,2319996464,"10 шт, Конденсатор электролитический 16В 470 мкФ (Uf), 8 х 12 мм",107,107 ₽,https://www.ozon.ru/product/10-sht-kondensator-elektroliticheskiy-16v-470-mkf-uf-8-h-12-mm-2319996464/,2026-10-07,search_tile_only_not_compatibility_verified
конденсатор 470 мкФ 16В,597914896,"10 шт., Конденсатор электролитический 16В-470мкФ (470uF-16V, LowESR, -40+105C, 6x12мм)",168,168 ₽,https://www.ozon.ru/product/10-sht-kondensator-elektroliticheskiy-16v-470mkf-470uf-16v-lowesr-40-105c-6x12mm-597914896/,2026-10-07,search_tile_only_not_compatibility_verified
конденсатор 470 мкФ 16В,1461199236,"10 шт., Конденсатор электролитический 16В-470мкФ (470uF-16V, -40+105C, 8x12мм )",133,133 ₽,https://www.ozon.ru/product/10-sht-kondensator-elektroliticheskiy-16v-470mkf-470uf-16v-40-105c-8x12mm-1461199236/,2026-10-07,search_tile_only_not_compatibility_verified
конденсатор 470 мкФ 16В,3007025447,"10 шт. 470мкФ-16В (470uF-16V, -40+105C, 8x12мм) Конденсатор электролитический JBC",121,121 ₽,https://www.ozon.ru/product/10-sht-470mkf-16v-470uf-16v-40-105c-8x12mm-kondensator-elektroliticheskiy-jbc-3007025447/,2026-10-07,search_tile_only_not_compatibility_verified
конденсатор 470 мкФ 16В,912922484,"Конденсатор электролитический 16В 470мкФ, 8х12мм, 4шт. (Черный)",77,77 ₽,https://www.ozon.ru/product/kondensator-elektroliticheskiy-16v-470mkf-8h12mm-4sht-chernyy-912922484/,2026-10-07,search_tile_only_not_compatibility_verified
конденсатор 470 мкФ 16В,898018940,Конденсатор электролитический 16В 470мкФ 10 шт. (Черный),85,85 ₽,https://www.ozon.ru/product/kondensator-elektroliticheskiy-16v-470mkf-10-sht-chernyy-898018940/,2026-10-07,search_tile_only_not_compatibility_verified
макетная плата пайка,3747803704,Печатная макетная плата 5 x 7 см двухсторонняя для пайки PCB1 (Зеленый),161,161 ₽,https://www.ozon.ru/product/pechatnaya-maketnaya-plata-5-x-7-sm-dvuhstoronnyaya-dlya-payki-pcb1-zelenyy-3747803704/,2026-10-07,search_tile_only_not_compatibility_verified
макетная плата пайка,2078265319,"120 шт. Провода перемычки для макетных плат, соединительные провода для модулей, контроллеров arduino (10 см) 3 вида по 40 шт папа-папа, мама-мама, папа-мама",252,252 ₽,https://www.ozon.ru/product/120-sht-provoda-peremychki-dlya-maketnyh-plat-soedinitelnye-provoda-dlya-moduley-kontrollerov-2078265319/,2026-10-07,search_tile_only_not_compatibility_verified
макетная плата пайка,2843927870,"Комплект 6 шт печатных макетных плат 2x8, 3х7, 4х6, 5х7, 6x8, 7х9 см для электронных модулей",266,266 ₽,https://www.ozon.ru/product/komplekt-6-sht-pechatnyh-maketnyh-plat-2x8-3h7-4h6-5h7-6x8-7h9-sm-dlya-elektronnyh-moduley-2843927870/,2026-10-07,search_tile_only_not_compatibility_verified
макетная плата пайка,3094155113,Макетная плата беспаечная 35x47 мм Белая,49,49 ₽,https://www.ozon.ru/product/maketnaya-plata-bespaechnaya-35x47-mm-belaya-3094155113/,2026-10-07,search_tile_only_not_compatibility_verified
макетная плата пайка,1400441128,Печатная макетная плата для пайки двухсторонняя 8*12см / зеленая плата под пайку универсальная 1шт,222,222 ₽,https://www.ozon.ru/product/pechatnaya-maketnaya-plata-dlya-payki-dvuhstoronnyaya-8-12sm-zelenaya-plata-pod-payku-1400441128/,2026-10-07,search_tile_only_not_compatibility_verified
макетная плата пайка,3240663291,"Макетная плата для пайки, двусторонняя, 3*7cm.",119,119 ₽,https://www.ozon.ru/product/maketnaya-plata-dlya-payki-dvustoronnyaya-3-7cm-3240663291/,2026-10-07,search_tile_only_not_compatibility_verified
макетная плата пайка,1575508081,Печатная макетная плата для пайки двухсторонняя 9*15см / зеленая плата под пайку универсальная 1шт,261,261 ₽,https://www.ozon.ru/product/pechatnaya-maketnaya-plata-dlya-payki-dvuhstoronnyaya-9-15sm-zelenaya-plata-pod-payku-1575508081/,2026-10-07,search_tile_only_not_compatibility_verified
макетная плата пайка,3094249869,Макетная плата беспаечная 35x47 мм Зеленая,49,49 ₽,https://www.ozon.ru/product/maketnaya-plata-bespaechnaya-35x47-mm-zelenaya-3094249869/,2026-10-07,search_tile_only_not_compatibility_verified
держатель 18650 параллельный,1382815010,"Батарейный отсек 2х18650 7,4 V с проводами к Arduino",156,156 ₽,https://www.ozon.ru/product/batareynyy-otsek-2h18650-7-4-v-s-provodami-k-arduino-1382815010/,2026-10-07,search_tile_only_not_compatibility_verified
держатель 18650 параллельный,1399435883,"Батарейный отсек 2х18650 7,4 V с проводами к Arduino",140,140 ₽,https://www.ozon.ru/product/batareynyy-otsek-2h18650-7-4-v-s-provodami-k-arduino-1399435883/,2026-10-07,search_tile_only_not_compatibility_verified
держатель 18650 параллельный,3010498976,Батарейный отсек для Li-ion 1X18650,196,196 ₽,https://www.ozon.ru/product/batareynyy-otsek-dlya-li-ion-1x18650-3010498976/,2026-10-07,search_tile_only_not_compatibility_verified
держатель 18650 параллельный,1382828831,"Батарейный отсек 1х18650 3,7 V KLS5-18650-D с выводами для пайки к Arduino",102,102 ₽,https://www.ozon.ru/product/batareynyy-otsek-1h18650-3-7-v-kls5-18650-d-s-vyvodami-dlya-payki-k-arduino-1382828831/,2026-10-07,search_tile_only_not_compatibility_verified
держатель 18650 параллельный,1399447423,"Батарейный отсек 3х18650 11,1 V GB-18650-PC6 с выводами для пайки к Arduino",153,153 ₽,https://www.ozon.ru/product/batareynyy-otsek-3h18650-11-1-v-gb-18650-pc6-s-vyvodami-dlya-payki-k-arduino-1399447423/,2026-10-07,search_tile_only_not_compatibility_verified
держатель 18650 параллельный,1786462461,"Держатель / холдер для сборки аккумуляторов из элементов 18650, количество 20 шт .",242,242 ₽,https://www.ozon.ru/product/derzhatel-holder-dlya-sborki-akkumulyatorov-iz-elementov-18650-kolichestvo-20-sht-1786462461/,2026-10-07,search_tile_only_not_compatibility_verified
держатель 18650 параллельный,1382893871,"Батарейный отсек 3х18650 11,1 V GB-18650-PC6 с выводами для пайки к Arduino",158,158 ₽,https://www.ozon.ru/product/batareynyy-otsek-3h18650-11-1-v-gb-18650-pc6-s-vyvodami-dlya-payki-k-arduino-1382893871/,2026-10-07,search_tile_only_not_compatibility_verified
держатель 18650 параллельный,1786469986,"Держатель / холдер для сборки аккумуляторов из элементов 18650, количество 100 шт .",685,685 ₽,https://www.ozon.ru/product/derzhatel-holder-dlya-sborki-akkumulyatorov-iz-elementov-18650-kolichestvo-100-sht-1786469986/,2026-10-07,search_tile_only_not_compatibility_verified
AO3401,4651074806,"AO3401 Транзистор полевой MOSFET P-канальный 10шт, SOT-23, 4.1A, 30V",121,121 ₽,https://www.ozon.ru/product/ao3401-tranzistor-polevoy-mosfet-p-kanalnyy-10sht-sot-23-4-1a-30v-4651074806/,2026-10-07,search_tile_only_not_compatibility_verified
AO3401,1477939389,Транзистор AO3401 A19T sot-23,119,119 ₽,https://www.ozon.ru/product/tranzistor-ao3401-a19t-sot-23-1477939389/,2026-10-07,search_tile_only_not_compatibility_verified
AO3401,2716457987,"AO3401 50шт, (A19T) Полевой транзистор P-канальный, 30В, 4А, 0.04 Ом, корпус SOT-23, маркировка A19T",224,224 ₽,https://www.ozon.ru/product/ao3401-50sht-a19t-polevoy-tranzistor-p-kanalnyy-30v-4a-0-04-om-korpus-sot-23-markirovka-a19t-2716457987/,2026-10-07,search_tile_only_not_compatibility_verified
AO3401,2716415055,"AO3401 10шт, (A19T) Полевой транзистор P-канальный, 30В, 4А, 0.04 Ом, корпус SOT-23, маркировка A19T",128,128 ₽,https://www.ozon.ru/product/ao3401-10sht-a19t-polevoy-tranzistor-p-kanalnyy-30v-4a-0-04-om-korpus-sot-23-markirovka-a19t-2716415055/,2026-10-07,search_tile_only_not_compatibility_verified
AO3401,1908348877,100шт /упак AO3401,179,179 ₽,https://www.ozon.ru/product/100sht-upak-ao3401-1908348877/,2026-10-07,search_tile_only_not_compatibility_verified
AO3401,1519107646,Транзистор AO3400 AO9T,90,90 ₽,https://www.ozon.ru/product/tranzistor-ao3400-ao9t-1519107646/,2026-10-07,search_tile_only_not_compatibility_verified
AO3401,2450461697,10шт. Транзистор AO3407A (A79T) SOT-23,180,180 ₽,https://www.ozon.ru/product/10sht-tranzistor-ao3407a-a79t-sot-23-2450461697/,2026-10-07,search_tile_only_not_compatibility_verified
AO3401,1650669665,Транзистор AO3407 A79T,99,99 ₽,https://www.ozon.ru/product/tranzistor-ao3407-a79t-1650669665/,2026-10-07,search_tile_only_not_compatibility_verified
AO3400,4651074746,"AO3400 Транзистор полевой MOSFET N-канальный 10шт, SOT-23, 5.8A, 30V",113,113 ₽,https://www.ozon.ru/product/ao3400-tranzistor-polevoy-mosfet-n-kanalnyy-10sht-sot-23-5-8a-30v-4651074746/,2026-10-07,search_tile_only_not_compatibility_verified
AO3400,2068065182,Транзистор AO3400 (A09T) SOT-23 (10шт.),131,131 ₽,https://www.ozon.ru/product/tranzistor-ao3400-a09t-sot-23-10sht-2068065182/,2026-10-07,search_tile_only_not_compatibility_verified
AO3400,1865778347,Транзистор AO3400 (A09T) SOT-23 (5шт.),97,97 ₽,https://www.ozon.ru/product/tranzistor-ao3400-a09t-sot-23-5sht-1865778347/,2026-10-07,search_tile_only_not_compatibility_verified
AO3400,1519107646,Транзистор AO3400 AO9T,90,90 ₽,https://www.ozon.ru/product/tranzistor-ao3400-ao9t-1519107646/,2026-10-07,search_tile_only_not_compatibility_verified
AO3400,1478055638,Транзистор AO3400 A09T sot-23,117,117 ₽,https://www.ozon.ru/product/tranzistor-ao3400-a09t-sot-23-1478055638/,2026-10-07,search_tile_only_not_compatibility_verified
AO3400,2713690630,"AO3400 50шт, (A01T, A09T) Полевой транзистор N-канальный, 30В, 5.6А, 0.028 Ом, корпус SOT-23, маркировка (A01T или A09T)",224,224 ₽,https://www.ozon.ru/product/ao3400-50sht-a01t-a09t-polevoy-tranzistor-n-kanalnyy-30v-5-6a-0-028-om-korpus-sot-23-markirovka-a01t-2713690630/,2026-10-07,search_tile_only_not_compatibility_verified
AO3400,2809344475,100 штук AO3400SOT-23 SOT-23 IC электронные компоненты интегральные схемы,149,149 ₽,https://www.ozon.ru/product/100-shtuk-ao3400sot-23-sot-23-ic-elektronnye-komponenty-integralnye-shemy-2809344475/,2026-10-07,search_tile_only_not_compatibility_verified
AO3400,4381980015,(5шт.) Транзистор AO3400A (X0DV) SOT-23,103,103 ₽,https://www.ozon.ru/product/5sht-tranzistor-ao3400a-x0dv-sot-23-4381980015/,2026-10-07,search_tile_only_not_compatibility_verified
драйвер светодиода 300мА 5В,3570415873,драйвер постоянного тока 1-3Вт 300мА,262,262 ₽,https://www.ozon.ru/product/drayver-postoyannogo-toka-1-3vt-300ma-3570415873/,2026-10-07,search_tile_only_not_compatibility_verified
драйвер светодиода 300мА 5В,1154085597,5 Вт IP21 Блок питания освещения ,273,273 ₽,https://www.ozon.ru/product/blok-pitaniya-osveshcheniya-5-vt-ip21-1154085597/,2026-10-07,search_tile_only_not_compatibility_verified
драйвер светодиода 300мА 5В,5086373382,"Светодиодный драйвер 3-5 Вт. 200-300мА, плата питания для светодиодных модулей LED светильника / люстры",248,248 ₽,https://www.ozon.ru/product/svetodiodnyy-drayver-3-5-vt-200-300ma-plata-pitaniya-dlya-svetodiodnyh-moduley-led-5086373382/,2026-10-07,search_tile_only_not_compatibility_verified
драйвер светодиода 300мА 5В,2003525374,LED Driver драйвер для светодиодного светильника 300 мА 4-7 Вт,298,298 ₽,https://www.ozon.ru/product/led-driver-drayver-dlya-svetodiodnogo-svetilnika-300-ma-4-7-vt-2003525374/,2026-10-07,search_tile_only_not_compatibility_verified
драйвер светодиода 300мА 5В,2608962104,Драйвер для LED 3W 700мА 5-35V DC-DC ШИМ,526,526 ₽,https://www.ozon.ru/product/drayver-dlya-led-3w-700ma-5-35v-dc-dc-shim-2608962104/,2026-10-07,search_tile_only_not_compatibility_verified
драйвер светодиода 300мА 5В,1984620446,"Светодиодный драйвер с регулируемым постоянным током 30-1500 МА постоянного тока DC 3,3 В 3,7 В 4,2 В 5 В Плата управления PWM Понижающий модуль питания",83,83 ₽,https://www.ozon.ru/product/svetodiodnyy-drayver-s-reguliruemym-postoyannym-tokom-30-1500-ma-postoyannogo-toka-dc-3-3-v-3-7-v-4-1984620446/,2026-10-07,search_tile_only_not_compatibility_verified
драйвер светодиода 300мА 5В,4177437636,3Вт. светодиодный драйвер блок питания 3-12 Вольт. 300мА IP20 2шт.,352,352 ₽,https://www.ozon.ru/product/3vt-svetodiodnyy-drayver-blok-pitaniya-3-12-volt-300ma-ip20-2sht-4177437636/,2026-10-07,search_tile_only_not_compatibility_verified
драйвер светодиода 300мА 5В,5701834364,Модуль - Драйвер светодиода (310 мА),285,285 ₽,https://www.ozon.ru/product/modul-drayver-svetodioda-310-ma-5701834364/,2026-10-07,search_tile_only_not_compatibility_verified
USB TTL 3.3V,630272153,"Преобразователь USB-SERIAL (USB, TTL, UART) микроконтроллер, адаптер CH340G, 3.3V-5V",123,123 ₽,https://www.ozon.ru/product/preobrazovatel-usb-serial-usb-ttl-uart-mikrokontroller-adapter-ch340g-3-3v-5v-630272153/,2026-10-07,search_tile_only_not_compatibility_verified
USB TTL 3.3V,2708695895,"Преобразователь USB-SERIAL (USB, TTL, UART) микроконтроллер, адаптер CH340G, 3.3V-5V",95,95 ₽,https://www.ozon.ru/product/preobrazovatel-usb-serial-usb-ttl-uart-mikrokontroller-adapter-ch340g-3-3v-5v-2708695895/,2026-10-07,search_tile_only_not_compatibility_verified
USB TTL 3.3V,3987203916,"2 шт/Преобразователь USB-SERIAL (USB, TTL, UART) микроконтроллер, адаптер CH340G, 3.3V-5V",206,206 ₽,https://www.ozon.ru/product/2-sht-preobrazovatel-usb-serial-usb-ttl-uart-mikrokontroller-adapter-ch340g-3-3v-5v-3987203916/,2026-10-07,search_tile_only_not_compatibility_verified
USB TTL 3.3V,1223695954,"Модуль преобразователя USB-SERIAL (TTL, UART) адаптер CH340G, 3.3V-5V",118,118 ₽,https://www.ozon.ru/product/modul-preobrazovatelya-usb-serial-ttl-uart-adapter-ch340g-3-3v-5v-1223695954/,2026-10-07,search_tile_only_not_compatibility_verified
USB TTL 3.3V,1509166735,"Преобразователь USB-SERIAL (USB, TTL, UART) микроконтроллер, адаптер CH340G, 3.3V-5V (3 шт)",315,315 ₽,https://www.ozon.ru/product/preobrazovatel-usb-serial-usb-ttl-uart-mikrokontroller-adapter-ch340g-3-3v-5v-3-sht-1509166735/,2026-10-07,search_tile_only_not_compatibility_verified
USB TTL 3.3V,4043520604,"Преобразователь интерфейсов USB-UART TTL (FTDI FT232RL, разъём Type-C) 3.3V или 5V",166,166 ₽,https://www.ozon.ru/product/preobrazovatel-interfeysov-usb-uart-ttl-ftdi-ft232rl-razem-type-c-3-3v-ili-5v-4043520604/,2026-10-07,search_tile_only_not_compatibility_verified
USB TTL 3.3V,867260286,"CH340E, преобразователь серии USB в TTL, 5V / 3.3 V, альтернативный модуль CH340G для Arduino Pro Mini",237,237 ₽,https://www.ozon.ru/product/ch340e-preobrazovatel-serii-usb-v-ttl-5v-3-3-v-alternativnyy-modul-ch340g-dlya-arduino-pro-mini-867260286/,2026-10-07,search_tile_only_not_compatibility_verified
USB TTL 3.3V,1633109512,"Преобразователь USB-SERIAL (USB, TTL, UART) микроконтроллер, адаптер CH340, 3.3V-5V",322,322 ₽,https://www.ozon.ru/product/preobrazovatel-usb-serial-usb-ttl-uart-mikrokontroller-adapter-ch340-3-3v-5v-1633109512/,2026-10-07,search_tile_only_not_compatibility_verified
резисторы набор,4839946078,"Комплект резисторов 0,25Вт 1% 30 номиналов 20 шт, всего 600 шт",247,247 ₽,https://www.ozon.ru/product/komplekt-rezistorov-0-25vt-1-30-nominalov-20-sht-vsego-600-sht-4839946078/,2026-10-07,search_tile_only_not_compatibility_verified
резисторы набор,5686682636,"Комплект резисторов 0,25Вт 1% 30 номиналов 20 шт, всего 600 шт",244,244 ₽,https://www.ozon.ru/product/komplekt-rezistorov-0-25vt-1-30-nominalov-20-sht-vsego-600-sht-5686682636/,2026-10-07,search_tile_only_not_compatibility_verified
резисторы набор,1358502687,"Набор резисторов в коробке 0,25Вт 1% 600 штук 30 номиналов",320,320 ₽,https://www.ozon.ru/product/nabor-rezistorov-v-korobke-0-25vt-1-600-shtuk-30-nominalov-1358502687/,2026-10-07,search_tile_only_not_compatibility_verified
резисторы набор,4829936930,"в коробке Набор резисторов 0,25 Вт от 10 Ом до 1 мОм,",253,253 ₽,https://www.ozon.ru/product/v-korobke-nabor-rezistorov-0-25-vt-ot-10-om-do-1-mom-4829936930/,2026-10-07,search_tile_only_not_compatibility_verified
резисторы набор,4703014983,"Набор резисторов в футляре 0,25W 600шт 10 Ом - 1 мОм",342,342 ₽,https://www.ozon.ru/product/nabor-rezistorov-v-futlyare-0-25w-600sht-10-om-1-mom-4703014983/,2026-10-07,search_tile_only_not_compatibility_verified
резисторы набор,4190969541,"Набор резисторов 0.25вт 600 шт в коробке компонентов, сопротивление 10 Ом - 1 мОм",255,255 ₽,https://www.ozon.ru/product/nabor-rezistorov-0-25vt-600-sht-v-korobke-komponentov-soprotivlenie-10-om-1-mom-4190969541/,2026-10-07,search_tile_only_not_compatibility_verified
резисторы набор,4830432624,Резистор набор 820 шт 0.25 Вт 1% точность 10 Ом1 МОм для электроники и сборки ПК,227,227 ₽,https://www.ozon.ru/product/rezistor-nabor-820-sht-0-25-vt-1-tochnost-10-om1-mom-dlya-elektroniki-i-sborki-pk-4830432624/,2026-10-07,search_tile_only_not_compatibility_verified
резисторы набор,1853718317,Набор резисторов 600 шт / 10 Ом - 1 МОм / 30 видов,229,229 ₽,https://www.ozon.ru/product/nabor-rezistorov-600-sht-10-om-1-mom-30-vidov-1853718317/,2026-10-07,search_tile_only_not_compatibility_verified
предохранитель 2А держатель,2067868177,Предохранитель BUSSMANN 12CAV2 Предохранитель среднего напряжения 2А 1200VAC 1шт,12335,12 335 ₽,https://www.ozon.ru/product/predohranitel-bussmann-12cav2-predohranitel-srednego-napryazheniya-2a-1200vac-1sht-2067868177/,2026-10-07,search_tile_only_not_compatibility_verified
предохранитель 2А держатель,2158149229,"Предохранитель среднего напряжения BUSSMANN 36CAV2 2А, 36000В AC, 439.9х41.4мм, 1 шт",22806,22 806 ₽,https://www.ozon.ru/product/predohranitel-srednego-napryazheniya-bussmann-36cav2-2a-36000v-ac-439-9h41-4mm-1-sht-2158149229/,2026-10-07,search_tile_only_not_compatibility_verified
предохранитель 2А держатель,1780150227,"Предохранитель EATON XNH2-S400 Держатель-разъединитель для плавких вставок NH, до 400А, переменное напряжение до 690В, 1 шт",10832,10 832 ₽,https://www.ozon.ru/product/predohranitel-eaton-xnh2-s400-derzhatel-razedinitel-dlya-plavkih-vstavok-nh-do-400a-1780150227/,2026-10-07,search_tile_only_not_compatibility_verified
предохранитель 2А держатель,3255734479,10шт. 5х20мм предохранитель стекло 2А 250В (Вставка плавкая),213,213 ₽,https://www.ozon.ru/product/10sht-5h20mm-predohranitel-steklo-2a-250v-vstavka-plavkaya-3255734479/,2026-10-07,search_tile_only_not_compatibility_verified
предохранитель 2А держатель,2357424284,Держатель предохранителя универсальный 2 шт.,157,157 ₽,https://www.ozon.ru/product/derzhatel-predohranitelya-universalnyy-2-sht-2357424284/,2026-10-07,search_tile_only_not_compatibility_verified
предохранитель 2А держатель,1326352399,"Держатель предохранителя 5x20 мм панельный, 10A 250V / для стеклянного предохранителя 20 мм / ТЕХНОЛОГИЯ / (2шт)",106,106 ₽,https://www.ozon.ru/product/derzhatel-predohranitelya-5x20-mm-panelnyy-10a-250v-dlya-steklyannogo-predohranitelya-20-mm-1326352399/,2026-10-07,search_tile_only_not_compatibility_verified
предохранитель 2А держатель,5172897992,держатель предохранителя автомобильный,199,199 ₽,https://www.ozon.ru/product/derzhatel-predohranitelya-avtomobilnyy-5172897992/,2026-10-07,search_tile_only_not_compatibility_verified
предохранитель 2А держатель,2158368122,10шт. 5х20мм предохранитель стекло 4А 250В (Вставка плавкая),181,181 ₽,https://www.ozon.ru/product/10sht-5h20mm-predohranitel-steklo-4a-250v-vstavka-plavkaya-2158368122/,2026-10-07,search_tile_only_not_compatibility_verified
солнечная панель 6В 5Вт малая,3496213375,Солнечная панель 6В 4.5Вт монокристалл,813,813 ₽,https://www.ozon.ru/product/solnechnaya-panel-6v-4-5vt-monokristall-3496213375/,2026-10-07,search_tile_only_not_compatibility_verified
солнечная панель 6В 5Вт малая,5705647944,Солнечная панель 4.5Вт 6В для DIY,814,814 ₽,https://www.ozon.ru/product/solnechnaya-panel-4-5vt-6v-dlya-diy-5705647944/,2026-10-07,search_tile_only_not_compatibility_verified
солнечная панель 6В 5Вт малая,3074274611,"1,5 Вт 6 В Солнечная панель Портативное зарядное устройство для солнечной батареи Малая мощность варийные панели",298,298 ₽,https://www.ozon.ru/product/1-5-vt-6-v-solnechnaya-panel-portativnoe-zaryadnoe-ustroystvo-dlya-solnechnoy-batarei-3074274611/,2026-10-07,search_tile_only_not_compatibility_verified
солнечная панель 6В 5Вт малая,2602795163,5 В 6 Вт солнечная панель портативное зарядное устройство мобильный телефон питание для походов на открытом воздухе кемпинг,491,491 ₽,https://www.ozon.ru/product/5-v-6-vt-solnechnaya-panel-portativnoe-zaryadnoe-ustroystvo-mobilnyy-telefon-pitanie-dlya-pohodov-2602795163/,2026-10-07,search_tile_only_not_compatibility_verified
солнечная панель 6В 5Вт малая,2927538143,"Солнечная панель 5W, портативная, для экстренных фонарей",533,533 ₽,https://www.ozon.ru/product/solnechnaya-panel-5w-portativnaya-dlya-ekstrennyh-fonarey-2927538143/,2026-10-07,search_tile_only_not_compatibility_verified
солнечная панель 6В 5Вт малая,3165340842,"Эффективная солнечная панель 4W, стабильная и портативная, для низкоэнергетических устройств",753,753 ₽,https://www.ozon.ru/product/effektivnaya-solnechnaya-panel-4w-stabilnaya-i-portativnaya-dlya-nizkoenergeticheskih-ustroystv-3165340842/,2026-10-07,search_tile_only_not_compatibility_verified
солнечная панель 6В 5Вт малая,5684242584,"Солнечная панель 6В 5Вт для кемпинга и пеших походов, зарядка через USB-порт.",1045,1 045 ₽,https://www.ozon.ru/product/solnechnaya-panel-6v-5vt-dlya-kempinga-i-peshih-pohodov-zaryadka-cherez-usb-port-5684242584/,2026-10-07,search_tile_only_not_compatibility_verified
солнечная панель 6В 5Вт малая,2268431379,"Солнечная панель 8 Вт USB Type-C SP-8C (8W) (R60887VST) для фотоловушки, камеры видеонаблюдения, смартфона и павербанка, IP65, кронштейн и крепление в комплекте",3182,3 182 ₽,https://www.ozon.ru/product/solnechnaya-panel-8-vt-usb-type-c-sp-8c-8w-r60887vst-dlya-fotolovushki-kamery-2268431379/,2026-10-07,search_tile_only_not_compatibility_verified
OV2640 без ИК фильтра,3999826868,Модуль камеры с ночным видением 5 миллионов пикселей с автоматическим переключением ИК-фильтра без инфракрасного освещения,954,954 ₽,https://www.ozon.ru/product/modul-kamery-s-nochnym-videniem-5-millionov-pikseley-s-avtomaticheskim-pereklyucheniem-ik-filtra-bez-3999826868/,2026-10-07,search_tile_only_not_compatibility_verified
OV2640 без ИК фильтра,5421606840,"5МП объектив ""рыбий глаз"" 170 2.1мм для HD CCTV/IP камер без ИК-фильтра.",411,411 ₽,https://www.ozon.ru/product/5mp-obektiv-rybiy-glaz-170-2-1mm-dlya-hd-cctv-ip-kamer-bez-ik-filtra-5421606840/,2026-10-07,search_tile_only_not_compatibility_verified
OV2640 без ИК фильтра,1758387456,iCall-P130 1080P Silver Вызывная панель без ИК-фильтра,5640,5 640 ₽,https://www.ozon.ru/product/icall-p130-1080p-silver-vyzyvnaya-panel-bez-ik-filtra-1758387456/,2026-10-07,search_tile_only_not_compatibility_verified
стабилизатор 3.3В 500мА,3155129880,Модуль стабилизатора напряжения AMS1117 3.3В 800мА с защитой на плате,161,161 ₽,https://www.ozon.ru/product/modul-stabilizatora-napryazheniya-ams1117-3-3v-800ma-s-zashchitoy-na-plate-3155129880/,2026-10-07,search_tile_only_not_compatibility_verified
стабилизатор 3.3В 500мА,4417849972,"1 шт Преобразователь неизолированный понижающий DC/DC, вход 6.5-36В, выход 5В/500мА, K7805-500R3",345,345 ₽,https://www.ozon.ru/product/1-sht-preobrazovatel-neizolirovannyy-ponizhayushchiy-dc-dc-vhod-6-5-36v-vyhod-5v-500ma-k7805-500r3-4417849972/,2026-10-07,search_tile_only_not_compatibility_verified
стабилизатор 3.3В 500мА,4818391824,"Модуль AMS1117, DC-DC, 3.3В/5В, 800мА, стабилизатор напряжения, 5 шт",152,152 ₽,https://www.ozon.ru/product/modul-ams1117-dc-dc-3-3v-5v-800ma-stabilizator-napryazheniya-5-sht-4818391824/,2026-10-07,search_tile_only_not_compatibility_verified
стабилизатор 3.3В 500мА,4417860427,"2 шт Преобразователь неизолированный понижающий DC/DC, вход 6.5-36В, выход 5В/500мА, K7805-500R3",542,542 ₽,https://www.ozon.ru/product/2-sht-preobrazovatel-neizolirovannyy-ponizhayushchiy-dc-dc-vhod-6-5-36v-vyhod-5v-500ma-k7805-500r3-4417860427/,2026-10-07,search_tile_only_not_compatibility_verified
стабилизатор 3.3В 500мА,5401605007,"Стабилизатор напряжения премиум ME6211A33PGN SOT89, 6В 500мА 3.3В, комплект 10шт",141,141 ₽,https://www.ozon.ru/product/stabilizator-napryazheniya-premium-me6211a33pgn-sot89-6v-500ma-3-3v-komplekt-10sht-5401605007/,2026-10-07,search_tile_only_not_compatibility_verified
стабилизатор 3.3В 500мА,3463381359,"Линейный DC/DC-стабилизатор напряжения (10 шт.) для Arduino/ ESP/ Raspberry Pi, 4.5-7 В, AMS1117-3.3, с встроенной LED индикацией, HKSHAN",763,763 ₽,https://www.ozon.ru/product/lineynyy-dc-dc-stabilizator-napryazheniya-10-sht-dlya-arduino-esp-raspberry-pi-4-5-7-v-ams1117-3-3-s-3463381359/,2026-10-07,search_tile_only_not_compatibility_verified
стабилизатор 3.3В 500мА,2827311065,RECOM R-78E3.3-0.5 DC/DC неизолированный импульсный стабилизатор напряжения на печатную плату 3.3 В 500 мА в корпусе SIP3,802,802 ₽,https://www.ozon.ru/product/recom-r-78e3-3-0-5-dc-dc-neizolirovannyy-impulsnyy-stabilizator-napryazheniya-na-pechatnuyu-platu-2827311065/,2026-10-07,search_tile_only_not_compatibility_verified
стабилизатор 3.3В 500мА,4818392209,"Модуль AMS1117, DC-DC, 3.3В/5В, 800мА, стабилизатор напряжения, 5 шт",152,152 ₽,https://www.ozon.ru/product/modul-ams1117-dc-dc-3-3v-5v-800ma-stabilizator-napryazheniya-5-sht-4818392209/,2026-10-07,search_tile_only_not_compatibility_verified
